"MMSI","BaseDateTime","LAT","LON","SOG","COG","Heading","VesselName","IMO","CallSign","VesselType","Status","Length","Width","Draft","Cargo","TransceiverClass"
"368126820","2024-08-19T00:01:24","38.36172","-75.61352","0.1","319.0","358.0","ANNAPOLIS","","WDL3968","52","5","30","12","2.8","52","A"
"338327527","2024-08-19T00:02:42","38.61215","-75.95911","0.0","31.0","511.0","SAND DOLLAR","IMO0000000","","37","","19","6","","","B"
"368126820","2024-08-19T00:04:21","38.36173","-75.61352","0.0","319.0","355.0","ANNAPOLIS","","WDL3968","52","5","30","12","2.8","52","A"
"368126820","2024-08-19T00:07:23","38.36173","-75.61352","0.0","319.0","356.0","ANNAPOLIS","","WDL3968","52","5","30","12","2.8","52","A"
"368126820","2024-08-19T00:10:24","38.36173","-75.61352","0.0","319.0","356.0","ANNAPOLIS","","WDL3968","52","5","30","12","2.8","52","A"
"368126820","2024-08-19T00:13:24","38.36173","-75.61352","0.0","319.0","357.0","ANNAPOLIS","","WDL3968","52","5","30","12","2.8","52","A"
"368126820","2024-08-19T00:19:23","38.36173","-75.61352","0.0","319.0","356.0","ANNAPOLIS","","WDL3968","52","5","30","12","2.8","52","A"
"338327527","2024-08-19T00:20:42","38.61215","-75.95911","0.0","31.0","511.0","SAND DOLLAR","IMO0000000","","37","","19","6","","","B"
"368126820","2024-08-19T00:25:19","38.36173","-75.61352","0.0","319.0","356.0","ANNAPOLIS","","WDL3968","52","5","30","12","2.8","52","A"
"368126820","2024-08-19T00:28:25","38.36173","-75.61352","0.0","319.0","356.0","ANNAPOLIS","","WDL3968","52","5","30","12","2.8","52","A"
"338327527","2024-08-19T00:29:42","38.61216","-75.95911","0.0","118.1","511.0","SAND DOLLAR","IMO0000000","","37","","19","6","","","B"
"368126820","2024-08-19T00:34:25","38.36173","-75.61352","0.0","319.0","356.0","ANNAPOLIS","","WDL3968","52","5","30","12","2.8","52","A"
"338327527","2024-08-19T00:35:43","38.61216","-75.95911","0.0","118.1","511.0","SAND DOLLAR","IMO0000000","","37","","19","6","","","B"
"338327527","2024-08-19T00:38:43","38.61216","-75.95911","0.0","118.1","511.0","SAND DOLLAR","IMO0000000","","37","","19","6","","","B"
"368126820","2024-08-19T00:37:23","38.36173","-75.61352","0.0","319.0","356.0","ANNAPOLIS","","WDL3968","52","5","30","12","2.8","52","A"
"368126820","2024-08-19T00:40:24","38.36172","-75.61352","0.0","319.0","357.0","ANNAPOLIS","","WDL3968","52","5","30","12","2.8","52","A"
"368126820","2024-08-19T00:43:23","38.36171","-75.61352","0.0","319.0","0.0","ANNAPOLIS","","WDL3968","52","5","30","12","2.8","52","A"
"368126820","2024-08-19T00:46:24","38.36171","-75.61352","0.0","319.0","0.0","ANNAPOLIS","","WDL3968","52","5","30","12","2.8","52","A"
"338327527","2024-08-19T00:50:43","38.61216","-75.95912","0.0","118.1","511.0","SAND DOLLAR","IMO0000000","","37","","19","6","","","B"
"368126820","2024-08-19T00:49:24","38.36171","-75.61352","0.0","319.0","0.0","ANNAPOLIS","","WDL3968","52","5","30","12","2.8","52","A"
"368126820","2024-08-19T00:52:23","38.36171","-75.61352","0.0","319.0","1.0","ANNAPOLIS","","WDL3968","52","5","30","12","2.8","52","A"
"368126820","2024-08-19T00:55:26","38.36171","-75.61352","0.0","319.0","1.0","ANNAPOLIS","","WDL3968","52","5","30","12","2.8","52","A"
"368126820","2024-08-19T00:58:24","38.36171","-75.61352","0.0","319.0","1.0","ANNAPOLIS","","WDL3968","52","5","30","12","2.8","52","A"
"368126820","2024-08-19T01:07:28","38.36171","-75.61352","0.0","319.0","0.0","ANNAPOLIS","","WDL3968","52","5","30","12","2.8","52","A"
"368126820","2024-08-19T01:10:23","38.36171","-75.61352","0.0","319.0","0.0","ANNAPOLIS","","WDL3968","52","5","30","12","2.8","52","A"
"338327527","2024-08-19T01:11:43","38.61216","-75.95912","0.0","118.1","511.0","SAND DOLLAR","IMO0000000","","37","","19","6","","","B"
"368126820","2024-08-19T01:13:26","38.36171","-75.61352","0.0","319.0","0.0","ANNAPOLIS","","WDL3968","52","5","30","12","2.8","52","A"
"368126820","2024-08-19T01:19:28","38.36171","-75.61352","0.0","319.0","0.0","ANNAPOLIS","","WDL3968","52","5","30","12","2.8","52","A"
"368126820","2024-08-19T01:22:24","38.36171","-75.61352","0.0","319.0","0.0","ANNAPOLIS","","WDL3968","52","5","30","12","2.8","52","A"
"338327527","2024-08-19T01:23:43","38.61215","-75.95912","0.0","118.1","511.0","SAND DOLLAR","IMO0000000","","37","","19","6","","","B"
"368126820","2024-08-19T01:25:27","38.36171","-75.61352","0.0","319.0","0.0","ANNAPOLIS","","WDL3968","52","5","30","12","2.8","52","A"
"338327527","2024-08-19T01:26:42","38.61215","-75.95912","0.0","118.1","511.0","SAND DOLLAR","IMO0000000","","37","","19","6","","","B"
"368126820","2024-08-19T01:28:25","38.36171","-75.61352","0.0","319.0","0.0","ANNAPOLIS","","WDL3968","52","5","30","12","2.8","52","A"
"368126820","2024-08-19T01:31:27","38.36171","-75.61352","0.0","319.0","0.0","ANNAPOLIS","","WDL3968","52","5","30","12","2.8","52","A"
"338327527","2024-08-19T01:32:43","38.61215","-75.95912","0.0","118.1","511.0","SAND DOLLAR","IMO0000000","","37","","19","6","","","B"
"338327527","2024-08-19T01:35:42","38.61215","-75.95912","0.0","118.1","511.0","SAND DOLLAR","IMO0000000","","37","","19","6","","","B"
"368126820","2024-08-19T01:34:25","38.36171","-75.61352","0.0","319.0","0.0","ANNAPOLIS","","WDL3968","52","5","30","12","2.8","52","A"
"368126820","2024-08-19T01:40:25","38.36171","-75.61352","0.0","319.0","0.0","ANNAPOLIS","","WDL3968","52","5","30","12","2.8","52","A"
"368126820","2024-08-19T01:43:25","38.36172","-75.61352","0.0","319.0","357.0","ANNAPOLIS","","WDL3968","52","5","30","12","2.8","52","A"
"338327527","2024-08-19T01:44:43","38.61216","-75.95912","0.0","118.1","511.0","SAND DOLLAR","IMO0000000","","37","","19","6","","","B"
"368126820","2024-08-19T01:46:23","38.36172","-75.61352","0.0","319.0","356.0","ANNAPOLIS","","WDL3968","52","5","30","12","2.8","52","A"
"338327527","2024-08-19T01:47:44","38.61216","-75.95913","0.0","118.1","511.0","SAND DOLLAR","IMO0000000","","37","","19","6","","","B"
"368126820","2024-08-19T01:58:25","38.36172","-75.61352","0.0","319.0","356.0","ANNAPOLIS","","WDL3968","52","5","30","12","2.8","52","A"
"368126820","2024-08-19T02:01:23","38.36172","-75.61352","0.0","319.0","356.0","ANNAPOLIS","","WDL3968","52","5","30","12","2.8","52","A"
"338327527","2024-08-19T01:59:43","38.61216","-75.95912","0.0","118.1","511.0","SAND DOLLAR","IMO0000000","","37","","19","6","","","B"
"338327527","2024-08-19T02:02:43","38.61216","-75.95912","0.1","118.1","511.0","SAND DOLLAR","IMO0000000","","37","","19","6","","","B"
"368126820","2024-08-19T01:55:23","38.36172","-75.61352","0.0","319.0","356.0","ANNAPOLIS","","WDL3968","52","5","30","12","2.8","52","A"
"368126820","2024-08-19T02:04:26","38.36172","-75.61352","0.0","319.0","357.0","ANNAPOLIS","","WDL3968","52","5","30","12","2.8","52","A"
"338327527","2024-08-19T02:08:43","38.61215","-75.95912","0.0","118.1","511.0","SAND DOLLAR","IMO0000000","","37","","19","6","","","B"
"368126820","2024-08-19T02:07:23","38.36172","-75.61352","0.0","319.0","357.0","ANNAPOLIS","","WDL3968","52","5","30","12","2.8","52","A"
"368126820","2024-08-19T02:10:27","38.36172","-75.61352","0.0","319.0","357.0","ANNAPOLIS","","WDL3968","52","5","30","12","2.8","52","A"
"368126820","2024-08-19T02:13:23","38.36172","-75.61352","0.0","319.0","357.0","ANNAPOLIS","","WDL3968","52","5","30","12","2.8","52","A"
"338327527","2024-08-19T02:14:44","38.61215","-75.95912","0.1","118.1","511.0","SAND DOLLAR","IMO0000000","","37","","19","6","","","B"
"338327527","2024-08-19T02:17:43","38.61215","-75.95912","0.0","118.1","511.0","SAND DOLLAR","IMO0000000","","37","","19","6","","","B"
"368126820","2024-08-19T02:16:29","38.36172","-75.61352","0.0","319.0","357.0","ANNAPOLIS","","WDL3968","52","5","30","12","2.8","52","A"
"368126820","2024-08-19T02:19:22","38.36172","-75.61352","0.0","319.0","357.0","ANNAPOLIS","","WDL3968","52","5","30","12","2.8","52","A"
"338327527","2024-08-19T02:20:43","38.61215","-75.95913","0.0","118.1","511.0","SAND DOLLAR","IMO0000000","","37","","19","6","","","B"
"338327527","2024-08-19T02:26:42","38.61214","-75.95913","0.0","68.1","511.0","SAND DOLLAR","IMO0000000","","37","","19","6","","","B"
"338327527","2024-08-19T02:23:43","38.61215","-75.95914","0.0","118.1","511.0","SAND DOLLAR","IMO0000000","","37","","19","6","","","B"
"368126820","2024-08-19T02:22:30","38.36172","-75.61352","0.0","319.0","357.0","ANNAPOLIS","","WDL3968","52","5","30","12","2.8","52","A"
"338076376","2024-08-19T02:26:10","38.21608","-75.96112","30.9","130.1","511.0","KISMET","","","37","","10","","","","B"
"338327527","2024-08-19T02:29:43","38.61214","-75.95913","0.0","68.1","511.0","SAND DOLLAR","IMO0000000","","37","","19","6","","","B"
"368126820","2024-08-19T02:31:25","38.36172","-75.61352","0.0","319.0","357.0","ANNAPOLIS","","WDL3968","52","5","30","12","2.8","52","A"
"368126820","2024-08-19T02:28:29","38.36172","-75.61352","0.0","319.0","357.0","ANNAPOLIS","","WDL3968","52","5","30","12","2.8","52","A"
"338327527","2024-08-19T02:38:44","38.61214","-75.95912","0.0","68.1","511.0","SAND DOLLAR","IMO0000000","","37","","19","6","","","B"
"368126820","2024-08-19T02:34:28","38.36172","-75.61352","0.0","319.0","357.0","ANNAPOLIS","","WDL3968","52","5","30","12","2.8","52","A"
"338327527","2024-08-19T02:35:43","38.61215","-75.95912","0.0","68.1","511.0","SAND DOLLAR","IMO0000000","","37","","19","6","","","B"
"368126820","2024-08-19T02:37:23","38.36172","-75.61352","0.0","319.0","357.0","ANNAPOLIS","","WDL3968","52","5","30","12","2.8","52","A"
"338327527","2024-08-19T02:41:43","38.61214","-75.95912","0.0","68.1","511.0","SAND DOLLAR","IMO0000000","","37","","19","6","","","B"
"368126820","2024-08-19T02:43:23","38.36172","-75.61352","0.0","319.0","357.0","ANNAPOLIS","","WDL3968","52","5","30","12","2.8","52","A"
"338327527","2024-08-19T02:32:42","38.61214","-75.95912","0.0","68.1","511.0","SAND DOLLAR","IMO0000000","","37","","19","6","","","B"
"338327527","2024-08-19T02:44:44","38.61214","-75.95912","0.0","68.1","511.0","SAND DOLLAR","IMO0000000","","37","","19","6","","","B"
"368126820","2024-08-19T02:46:20","38.36172","-75.61352","0.0","319.0","357.0","ANNAPOLIS","","WDL3968","52","5","30","12","2.8","52","A"
"368126820","2024-08-19T02:40:30","38.36172","-75.61352","0.0","319.0","357.0","ANNAPOLIS","","WDL3968","52","5","30","12","2.8","52","A"
"368126820","2024-08-19T00:16:24","38.36173","-75.61352","0.0","319.0","357.0","ANNAPOLIS","","WDL3968","52","5","30","12","2.8","52","A"
"338327527","2024-08-19T02:56:42","38.61214","-75.95912","0.0","68.1","511.0","SAND DOLLAR","IMO0000000","","37","","19","6","","","B"
"338327527","2024-08-19T02:59:42","38.61215","-75.95913","0.0","68.1","511.0","SAND DOLLAR","IMO0000000","","37","","19","6","","","B"
"368126820","2024-08-19T02:49:26","38.36172","-75.61352","0.0","319.0","357.0","ANNAPOLIS","","WDL3968","52","5","30","12","2.8","52","A"
"368126820","2024-08-19T03:01:27","38.36172","-75.61352","0.0","319.0","357.0","ANNAPOLIS","","WDL3968","52","5","30","12","2.8","52","A"
"338327527","2024-08-19T03:02:43","38.61215","-75.95913","0.0","68.1","511.0","SAND DOLLAR","IMO0000000","","37","","19","6","","","B"
"338327527","2024-08-19T02:53:43","38.61214","-75.95912","0.0","68.1","511.0","SAND DOLLAR","IMO0000000","","37","","19","6","","","B"
"368126820","2024-08-19T02:55:27","38.36172","-75.61352","0.0","319.0","357.0","ANNAPOLIS","","WDL3968","52","5","30","12","2.8","52","A"
"338327527","2024-08-19T03:08:43","38.61215","-75.95913","0.0","68.1","511.0","SAND DOLLAR","IMO0000000","","37","","19","6","","","B"
"368126820","2024-08-19T02:58:23","38.36172","-75.61352","0.0","319.0","357.0","ANNAPOLIS","","WDL3968","52","5","30","12","2.8","52","A"
"338327527","2024-08-19T03:11:43","38.61215","-75.95913","0.0","68.1","511.0","SAND DOLLAR","IMO0000000","","37","","19","6","","","B"
"368126820","2024-08-19T03:16:26","38.36171","-75.61352","0.0","319.0","357.0","ANNAPOLIS","","WDL3968","52","5","30","12","2.8","52","A"
"368126820","2024-08-19T03:22:25","38.36171","-75.61352","0.0","319.0","357.0","ANNAPOLIS","","WDL3968","52","5","30","12","2.8","52","A"
"368126820","2024-08-19T03:13:29","38.36172","-75.61352","0.0","319.0","357.0","ANNAPOLIS","","WDL3968","52","5","30","12","2.8","52","A"
"338327527","2024-08-19T03:23:42","38.61215","-75.95913","0.0","68.1","511.0","SAND DOLLAR","IMO0000000","","37","","19","6","","","B"
"368126820","2024-08-19T03:25:31","38.36171","-75.61352","0.0","319.0","358.0","ANNAPOLIS","","WDL3968","52","5","30","12","2.8","52","A"
"368126820","2024-08-19T03:31:20","38.36171","-75.61352","0.0","319.0","358.0","ANNAPOLIS","","WDL3968","52","5","30","12","2.8","52","A"
"368126820","2024-08-19T03:37:23","38.36171","-75.61352","0.0","319.0","359.0","ANNAPOLIS","","WDL3968","52","5","30","12","2.8","52","A"
"338327527","2024-08-19T03:35:42","38.61215","-75.95913","0.0","68.1","511.0","SAND DOLLAR","IMO0000000","","37","","19","6","","","B"
"338327527","2024-08-19T03:32:42","38.61215","-75.95913","0.0","68.1","511.0","SAND DOLLAR","IMO0000000","","37","","19","6","","","B"
"368126820","2024-08-19T03:40:28","38.36171","-75.61352","0.0","319.0","359.0","ANNAPOLIS","","WDL3968","52","5","30","12","2.8","52","A"
"368126820","2024-08-19T03:34:26","38.36171","-75.61352","0.0","319.0","358.0","ANNAPOLIS","","WDL3968","52","5","30","12","2.8","52","A"
"368126820","2024-08-19T03:49:24","38.36171","-75.61352","0.0","319.0","359.0","ANNAPOLIS","","WDL3968","52","5","30","12","2.8","52","A"
"368126820","2024-08-19T03:43:23","38.36171","-75.61352","0.0","319.0","359.0","ANNAPOLIS","","WDL3968","52","5","30","12","2.8","52","A"
"338327527","2024-08-19T03:50:42","38.61216","-75.95913","0.0","68.1","511.0","SAND DOLLAR","IMO0000000","","37","","19","6","","","B"
"368126820","2024-08-19T03:52:31","38.36171","-75.61352","0.0","319.0","359.0","ANNAPOLIS","","WDL3968","52","5","30","12","2.8","52","A"
"338327527","2024-08-19T03:53:42","38.61216","-75.95913","0.0","68.1","511.0","SAND DOLLAR","IMO0000000","","37","","19","6","","","B"
"368126820","2024-08-19T03:55:24","38.36171","-75.61352","0.0","319.0","358.0","ANNAPOLIS","","WDL3968","52","5","30","12","2.8","52","A"
"338327527","2024-08-19T03:47:43","38.61216","-75.95913","0.0","68.1","511.0","SAND DOLLAR","IMO0000000","","37","","19","6","","","B"
"368126820","2024-08-19T03:58:29","38.36171","-75.61352","0.0","319.0","358.0","ANNAPOLIS","","WDL3968","52","5","30","12","2.8","52","A"
"338327527","2024-08-19T03:56:45","38.61216","-75.95913","0.0","68.1","511.0","SAND DOLLAR","IMO0000000","","37","","19","6","","","B"
"338327527","2024-08-19T04:02:43","38.61215","-75.95913","0.0","68.1","511.0","SAND DOLLAR","IMO0000000","","37","","19","6","","","B"
"338327527","2024-08-19T04:05:42","38.61215","-75.95912","0.0","68.1","511.0","SAND DOLLAR","IMO0000000","","37","","19","6","","","B"
"368126820","2024-08-19T04:07:24","38.36171","-75.61352","0.0","319.0","358.0","ANNAPOLIS","","WDL3968","52","5","30","12","2.8","52","A"
"338327527","2024-08-19T04:08:42","38.61215","-75.95912","0.0","68.1","511.0","SAND DOLLAR","IMO0000000","","37","","19","6","","","B"
"368126820","2024-08-19T04:13:24","38.36171","-75.61352","0.0","319.0","358.0","ANNAPOLIS","","WDL3968","52","5","30","12","2.8","52","A"
"338327527","2024-08-19T04:14:42","38.61215","-75.95912","0.0","68.1","511.0","SAND DOLLAR","IMO0000000","","37","","19","6","","","B"
"368126820","2024-08-19T04:16:26","38.36171","-75.61352","0.0","319.0","358.0","ANNAPOLIS","","WDL3968","52","5","30","12","2.8","52","A"
"338327527","2024-08-19T04:17:43","38.61215","-75.95912","0.0","68.1","511.0","SAND DOLLAR","IMO0000000","","37","","19","6","","","B"
"368126820","2024-08-19T04:10:21","38.36171","-75.61352","0.0","319.0","358.0","ANNAPOLIS","","WDL3968","52","5","30","12","2.8","52","A"
"338327527","2024-08-19T04:20:45","38.61215","-75.95912","0.0","68.1","511.0","SAND DOLLAR","IMO0000000","","37","","19","6","","","B"
"368126820","2024-08-19T04:19:24","38.36171","-75.61352","0.0","319.0","358.0","ANNAPOLIS","","WDL3968","52","5","30","12","2.8","52","A"
"368126820","2024-08-19T04:22:27","38.36171","-75.61352","0.0","319.0","358.0","ANNAPOLIS","","WDL3968","52","5","30","12","2.8","52","A"
"338327527","2024-08-19T04:23:43","38.61215","-75.95913","0.0","68.1","511.0","SAND DOLLAR","IMO0000000","","37","","19","6","","","B"
"338327527","2024-08-19T04:26:42","38.61215","-75.95912","0.0","68.1","511.0","SAND DOLLAR","IMO0000000","","37","","19","6","","","B"
"368126820","2024-08-19T04:28:27","38.36171","-75.61353","0.0","319.0","358.0","ANNAPOLIS","","WDL3968","52","5","30","12","2.8","52","A"
"368126820","2024-08-19T00:22:25","38.36173","-75.61352","0.0","319.0","356.0","ANNAPOLIS","","WDL3968","52","5","30","12","2.8","52","A"
"368126820","2024-08-19T04:31:26","38.36171","-75.61353","0.0","319.0","358.0","ANNAPOLIS","","WDL3968","52","5","30","12","2.8","52","A"
"338327527","2024-08-19T04:38:43","38.61216","-75.95914","0.0","193.0","511.0","SAND DOLLAR","IMO0000000","","37","","19","6","","","B"
"368126820","2024-08-19T04:37:24","38.36171","-75.61353","0.0","319.0","358.0","ANNAPOLIS","","WDL3968","52","5","30","12","2.8","52","A"
"338327527","2024-08-19T04:41:42","38.61216","-75.95914","0.0","193.0","511.0","SAND DOLLAR","IMO0000000","","37","","19","6","","","B"
"368126820","2024-08-19T04:40:28","38.36171","-75.61353","0.0","319.0","358.0","ANNAPOLIS","","WDL3968","52","5","30","12","2.8","52","A"
"338327527","2024-08-19T00:26:43","38.61216","-75.95911","0.0","118.1","511.0","SAND DOLLAR","IMO0000000","","37","","19","6","","","B"
"368126820","2024-08-19T04:46:30","38.36172","-75.61352","0.0","319.0","358.0","ANNAPOLIS","","WDL3968","52","5","30","12","2.8","52","A"
"368126820","2024-08-19T04:43:26","38.36172","-75.61352","0.0","319.0","358.0","ANNAPOLIS","","WDL3968","52","5","30","12","2.8","52","A"
"368126820","2024-08-19T04:49:28","38.36172","-75.61352","0.0","319.0","358.0","ANNAPOLIS","","WDL3968","52","5","30","12","2.8","52","A"
"338327527","2024-08-19T04:32:43","38.61216","-75.95915","0.0","193.0","511.0","SAND DOLLAR","IMO0000000","","37","","19","6","","","B"
"368126820","2024-08-19T04:58:29","38.36172","-75.61352","0.0","319.0","358.0","ANNAPOLIS","","WDL3968","52","5","30","12","2.8","52","A"
"368126820","2024-08-19T04:55:26","38.36172","-75.61352","0.0","319.0","358.0","ANNAPOLIS","","WDL3968","52","5","30","12","2.8","52","A"
"368126820","2024-08-19T05:01:27","38.36172","-75.61352","0.0","319.0","359.0","ANNAPOLIS","","WDL3968","52","5","30","12","2.8","52","A"
"338327527","2024-08-19T04:56:42","38.61217","-75.95913","0.0","193.0","511.0","SAND DOLLAR","IMO0000000","","37","","19","6","","","B"
"338327527","2024-08-19T04:44:44","38.61216","-75.95913","0.0","193.0","511.0","SAND DOLLAR","IMO0000000","","37","","19","6","","","B"
"338327527","2024-08-19T05:08:42","38.61217","-75.95912","0.0","193.0","511.0","SAND DOLLAR","IMO0000000","","37","","19","6","","","B"
"338327527","2024-08-19T05:11:42","38.61217","-75.95912","0.0","193.0","511.0","SAND DOLLAR","IMO0000000","","37","","19","6","","","B"
"338327527","2024-08-19T05:14:43","38.61217","-75.95912","0.0","193.0","511.0","SAND DOLLAR","IMO0000000","","37","","19","6","","","B"
"368126820","2024-08-19T05:16:28","38.36172","-75.61352","0.0","319.0","359.0","ANNAPOLIS","","WDL3968","52","5","30","12","2.8","52","A"
"368126820","2024-08-19T05:10:30","38.36172","-75.61352","0.0","319.0","359.0","ANNAPOLIS","","WDL3968","52","5","30","12","2.8","52","A"
"338327527","2024-08-19T05:17:42","38.61216","-75.95912","0.0","193.0","511.0","SAND DOLLAR","IMO0000000","","37","","19","6","","","B"
"368126820","2024-08-19T05:13:26","38.36172","-75.61352","0.0","319.0","359.0","ANNAPOLIS","","WDL3968","52","5","30","12","2.8","52","A"
"368126820","2024-08-19T05:25:27","38.36172","-75.61353","0.0","319.0","358.0","ANNAPOLIS","","WDL3968","52","5","30","12","2.8","52","A"
"368126820","2024-08-19T05:19:26","38.36172","-75.61352","0.0","319.0","359.0","ANNAPOLIS","","WDL3968","52","5","30","12","2.8","52","A"
"368126820","2024-08-19T05:22:29","38.36172","-75.61353","0.0","319.0","358.0","ANNAPOLIS","","WDL3968","52","5","30","12","2.8","52","A"
"338327527","2024-08-19T05:02:43","38.61216","-75.95912","0.0","193.0","511.0","SAND DOLLAR","IMO0000000","","37","","19","6","","","B"
"368126820","2024-08-19T05:28:28","38.36172","-75.61353","0.0","319.0","358.0","ANNAPOLIS","","WDL3968","52","5","30","12","2.8","52","A"
"338327527","2024-08-19T05:29:43","38.61216","-75.95912","0.0","193.0","511.0","SAND DOLLAR","IMO0000000","","37","","19","6","","","B"
"338327527","2024-08-19T05:32:45","38.61216","-75.95912","0.0","193.0","511.0","SAND DOLLAR","IMO0000000","","37","","19","6","","","B"
"368126820","2024-08-19T05:31:28","38.36172","-75.61353","0.0","319.0","358.0","ANNAPOLIS","","WDL3968","52","5","30","12","2.8","52","A"
"368126820","2024-08-19T05:37:27","38.36172","-75.61353","0.0","319.0","358.0","ANNAPOLIS","","WDL3968","52","5","30","12","2.8","52","A"
"338327527","2024-08-19T05:38:44","38.61216","-75.95911","0.0","193.0","511.0","SAND DOLLAR","IMO0000000","","37","","19","6","","","B"
"368126820","2024-08-19T05:34:26","38.36172","-75.61353","0.0","319.0","358.0","ANNAPOLIS","","WDL3968","52","5","30","12","2.8","52","A"
"368126820","2024-08-19T05:46:27","38.36171","-75.61353","0.0","319.0","358.0","ANNAPOLIS","","WDL3968","52","5","30","12","2.8","52","A"
"338327527","2024-08-19T05:20:48","38.61216","-75.95912","0.0","193.0","511.0","SAND DOLLAR","IMO0000000","","37","","19","6","","","B"
"368126820","2024-08-19T05:49:24","38.36171","-75.61353","0.0","319.0","358.0","ANNAPOLIS","","WDL3968","52","5","30","12","2.8","52","A"
"338327527","2024-08-19T05:47:44","38.61216","-75.95912","0.0","193.0","511.0","SAND DOLLAR","IMO0000000","","37","","19","6","","","B"
"338327527","2024-08-19T05:23:42","38.61216","-75.95912","0.0","193.0","511.0","SAND DOLLAR","IMO0000000","","37","","19","6","","","B"
"338327527","2024-08-19T05:53:42","38.61216","-75.95912","0.0","193.0","511.0","SAND DOLLAR","IMO0000000","","37","","19","6","","","B"
"368126820","2024-08-19T05:55:26","38.36171","-75.61353","0.0","319.0","358.0","ANNAPOLIS","","WDL3968","52","5","30","12","2.8","52","A"
"338327527","2024-08-19T05:56:43","38.61216","-75.95912","0.0","193.0","511.0","SAND DOLLAR","IMO0000000","","37","","19","6","","","B"
"368126820","2024-08-19T05:58:30","38.36171","-75.61353","0.0","319.0","358.0","ANNAPOLIS","","WDL3968","52","5","30","12","2.8","52","A"
"368126820","2024-08-19T06:04:31","38.36171","-75.61353","0.0","319.0","358.0","ANNAPOLIS","","WDL3968","52","5","30","12","2.8","52","A"
"368126820","2024-08-19T06:10:30","38.36172","-75.61353","0.0","319.0","358.0","ANNAPOLIS","","WDL3968","52","5","30","12","2.8","52","A"
"338327527","2024-08-19T05:41:43","38.61216","-75.95912","0.0","193.0","511.0","SAND DOLLAR","IMO0000000","","37","","19","6","","","B"
"338327527","2024-08-19T06:08:43","38.61216","-75.95912","0.0","193.0","511.0","SAND DOLLAR","IMO0000000","","37","","19","6","","","B"
"338327527","2024-08-19T06:11:44","38.61215","-75.95912","0.0","193.0","511.0","SAND DOLLAR","IMO0000000","","37","","19","6","","","B"
"368126820","2024-08-19T06:19:28","38.36172","-75.61353","0.0","319.0","358.0","ANNAPOLIS","","WDL3968","52","5","30","12","2.8","52","A"
"368126820","2024-08-19T06:16:30","38.36172","-75.61353","0.0","319.0","358.0","ANNAPOLIS","","WDL3968","52","5","30","12","2.8","52","A"
"338327527","2024-08-19T06:26:43","38.61214","-75.95913","0.0","193.0","511.0","SAND DOLLAR","IMO0000000","","37","","19","6","","","B"
"368126820","2024-08-19T06:25:28","38.36172","-75.61353","0.0","319.0","359.0","ANNAPOLIS","","WDL3968","52","5","30","12","2.8","52","A"
"368126820","2024-08-19T06:31:29","38.36172","-75.61353","0.0","319.0","359.0","ANNAPOLIS","","WDL3968","52","5","30","12","2.8","52","A"
"338327527","2024-08-19T06:29:42","38.61215","-75.95913","0.0","193.0","511.0","SAND DOLLAR","IMO0000000","","37","","19","6","","","B"
"368126820","2024-08-19T06:34:25","38.36172","-75.61353","0.0","319.0","359.0","ANNAPOLIS","","WDL3968","52","5","30","12","2.8","52","A"
"338327527","2024-08-19T06:41:42","38.61217","-75.95912","0.0","98.8","511.0","SAND DOLLAR","IMO0000000","","37","","19","6","","","B"
"368126820","2024-08-19T06:40:23","38.36172","-75.61353","0.0","319.0","359.0","ANNAPOLIS","","WDL3968","52","5","30","12","2.8","52","A"
"368126820","2024-08-19T06:46:25","38.36171","-75.61353","0.0","319.0","359.0","ANNAPOLIS","","WDL3968","52","5","30","12","2.8","52","A"
"368126820","2024-08-19T06:52:27","38.36171","-75.61353","0.0","319.0","358.0","ANNAPOLIS","","WDL3968","52","5","30","12","2.8","52","A"
"368126820","2024-08-19T06:55:28","38.36171","-75.61353","0.0","319.0","358.0","ANNAPOLIS","","WDL3968","52","5","30","12","2.8","52","A"
"368126820","2024-08-19T06:58:28","38.36171","-75.61353","0.0","319.0","358.0","ANNAPOLIS","","WDL3968","52","5","30","12","2.8","52","A"
"368126820","2024-08-19T07:10:27","38.36171","-75.61353","0.0","319.0","358.0","ANNAPOLIS","","WDL3968","52","5","30","12","2.8","52","A"
"368126820","2024-08-19T06:43:29","38.36171","-75.61353","0.0","319.0","359.0","ANNAPOLIS","","WDL3968","52","5","30","12","2.8","52","A"
"368126820","2024-08-19T07:16:28","38.36171","-75.61353","0.0","319.0","358.0","ANNAPOLIS","","WDL3968","52","5","30","12","2.8","52","A"
"368126820","2024-08-19T07:22:29","38.36171","-75.61353","0.0","319.0","358.0","ANNAPOLIS","","WDL3968","52","5","30","12","2.8","52","A"
"368126820","2024-08-19T07:31:27","38.36171","-75.61352","0.0","319.0","358.0","ANNAPOLIS","","WDL3968","52","5","30","12","2.8","52","A"
"368126820","2024-08-19T07:07:26","38.36171","-75.61353","0.0","319.0","358.0","ANNAPOLIS","","WDL3968","52","5","30","12","2.8","52","A"
"368126820","2024-08-19T07:40:26","38.36171","-75.61352","0.0","319.0","358.0","ANNAPOLIS","","WDL3968","52","5","30","12","2.8","52","A"
"368126820","2024-08-19T07:37:27","38.36171","-75.61352","0.0","319.0","358.0","ANNAPOLIS","","WDL3968","52","5","30","12","2.8","52","A"
"368126820","2024-08-19T07:13:26","38.36171","-75.61353","0.0","319.0","358.0","ANNAPOLIS","","WDL3968","52","5","30","12","2.8","52","A"
"368126820","2024-08-19T07:43:26","38.36171","-75.61352","0.0","319.0","358.0","ANNAPOLIS","","WDL3968","52","5","30","12","2.8","52","A"
"368126820","2024-08-19T07:19:26","38.36171","-75.61353","0.0","319.0","358.0","ANNAPOLIS","","WDL3968","52","5","30","12","2.8","52","A"
"368126820","2024-08-19T07:46:24","38.36171","-75.61352","0.0","319.0","358.0","ANNAPOLIS","","WDL3968","52","5","30","12","2.8","52","A"
"368126820","2024-08-19T07:28:27","38.36171","-75.61353","0.0","319.0","358.0","ANNAPOLIS","","WDL3968","52","5","30","12","2.8","52","A"
"368126820","2024-08-19T07:49:26","38.36170","-75.61352","0.0","319.0","358.0","ANNAPOLIS","","WDL3968","52","5","30","12","2.8","52","A"
"368126820","2024-08-19T07:58:24","38.36170","-75.61352","0.0","319.0","359.0","ANNAPOLIS","","WDL3968","52","5","30","12","2.8","52","A"
"368126820","2024-08-19T08:07:25","38.36170","-75.61352","0.0","319.0","358.0","ANNAPOLIS","","WDL3968","52","5","30","12","2.8","52","A"
"368126820","2024-08-19T08:13:25","38.36170","-75.61352","0.0","319.0","358.0","ANNAPOLIS","","WDL3968","52","5","30","12","2.8","52","A"
"368126820","2024-08-19T08:16:24","38.36170","-75.61352","0.0","319.0","358.0","ANNAPOLIS","","WDL3968","52","5","30","12","2.8","52","A"
"368126820","2024-08-19T08:22:25","38.36171","-75.61352","0.0","319.0","358.0","ANNAPOLIS","","WDL3968","52","5","30","12","2.8","52","A"
"368126820","2024-08-19T07:55:25","38.36170","-75.61352","0.0","319.0","359.0","ANNAPOLIS","","WDL3968","52","5","30","12","2.8","52","A"
"368126820","2024-08-19T08:19:24","38.36171","-75.61352","0.0","319.0","358.0","ANNAPOLIS","","WDL3968","52","5","30","12","2.8","52","A"
"368126820","2024-08-19T08:31:27","38.36171","-75.61352","0.0","319.0","358.0","ANNAPOLIS","","WDL3968","52","5","30","12","2.8","52","A"
"368126820","2024-08-19T08:34:24","38.36171","-75.61352","0.0","319.0","358.0","ANNAPOLIS","","WDL3968","52","5","30","12","2.8","52","A"
"338327527","2024-08-19T08:35:43","38.61215","-75.95913","0.0","93.5","511.0","SAND DOLLAR","IMO0000000","","37","","19","6","","","B"
"338327527","2024-08-19T08:38:42","38.61215","-75.95913","0.0","93.5","511.0","SAND DOLLAR","IMO0000000","","37","","19","6","","","B"
"338327527","2024-08-19T08:41:42","38.61214","-75.95912","0.0","93.5","511.0","SAND DOLLAR","IMO0000000","","37","","19","6","","","B"
"368126820","2024-08-19T08:37:28","38.36171","-75.61352","0.0","319.0","358.0","ANNAPOLIS","","WDL3968","52","5","30","12","2.8","52","A"
"368126820","2024-08-19T08:40:25","38.36171","-75.61352","0.0","319.0","358.0","ANNAPOLIS","","WDL3968","52","5","30","12","2.8","52","A"
"368126820","2024-08-19T08:49:27","38.36171","-75.61352","0.0","319.0","357.0","ANNAPOLIS","","WDL3968","52","5","30","12","2.8","52","A"
"368126820","2024-08-19T08:52:25","38.36171","-75.61352","0.0","319.0","358.0","ANNAPOLIS","","WDL3968","52","5","30","12","2.8","52","A"
"368126820","2024-08-19T08:58:24","38.36171","-75.61352","0.0","319.0","358.0","ANNAPOLIS","","WDL3968","52","5","30","12","2.8","52","A"
"368126820","2024-08-19T08:55:28","38.36171","-75.61352","0.0","319.0","358.0","ANNAPOLIS","","WDL3968","52","5","30","12","2.8","52","A"
"338327527","2024-08-19T09:02:43","38.61215","-75.95911","0.0","93.5","511.0","SAND DOLLAR","IMO0000000","","37","","19","6","","","B"
"368126820","2024-08-19T09:04:26","38.36171","-75.61352","0.0","319.0","358.0","ANNAPOLIS","","WDL3968","52","5","30","12","2.8","52","A"
"368126820","2024-08-19T09:01:27","38.36171","-75.61351","0.0","319.0","358.0","ANNAPOLIS","","WDL3968","52","5","30","12","2.8","52","A"
"368126820","2024-08-19T09:10:28","38.36171","-75.61352","0.0","319.0","358.0","ANNAPOLIS","","WDL3968","52","5","30","12","2.8","52","A"
"368126820","2024-08-19T09:13:26","38.36170","-75.61351","0.0","319.0","358.0","ANNAPOLIS","","WDL3968","52","5","30","12","2.8","52","A"
"368126820","2024-08-19T09:07:27","38.36171","-75.61352","0.0","319.0","358.0","ANNAPOLIS","","WDL3968","52","5","30","12","2.8","52","A"
"368126820","2024-08-19T08:46:26","38.36171","-75.61352","0.0","319.0","358.0","ANNAPOLIS","","WDL3968","52","5","30","12","2.8","52","A"
"338327527","2024-08-19T09:14:44","38.61215","-75.95911","0.0","93.5","511.0","SAND DOLLAR","IMO0000000","","37","","19","6","","","B"
"338327527","2024-08-19T09:23:43","38.61215","-75.95911","0.0","93.5","511.0","SAND DOLLAR","IMO0000000","","37","","19","6","","","B"
"368126820","2024-08-19T09:25:26","38.36170","-75.61352","0.0","319.0","358.0","ANNAPOLIS","","WDL3968","52","5","30","12","2.8","52","A"
"368126820","2024-08-19T09:22:30","38.36170","-75.61352","0.0","319.0","358.0","ANNAPOLIS","","WDL3968","52","5","30","12","2.8","52","A"
"368126820","2024-08-19T09:19:25","38.36170","-75.61352","0.0","319.0","358.0","ANNAPOLIS","","WDL3968","52","5","30","12","2.8","52","A"
"368126820","2024-08-19T09:31:27","38.36170","-75.61352","0.0","319.0","358.0","ANNAPOLIS","","WDL3968","52","5","30","12","2.8","52","A"
"338327527","2024-08-19T09:29:42","38.61214","-75.95911","0.0","93.5","511.0","SAND DOLLAR","IMO0000000","","37","","19","6","","","B"
"338327527","2024-08-19T09:26:43","38.61214","-75.95911","0.0","93.5","511.0","SAND DOLLAR","IMO0000000","","37","","19","6","","","B"
"368126820","2024-08-19T09:28:30","38.36170","-75.61352","0.0","319.0","358.0","ANNAPOLIS","","WDL3968","52","5","30","12","2.8","52","A"
"368126820","2024-08-19T09:34:29","38.36170","-75.61352","0.0","319.0","358.0","ANNAPOLIS","","WDL3968","52","5","30","12","2.8","52","A"
"368126820","2024-08-19T09:40:30","38.36171","-75.61352","0.0","319.0","358.0","ANNAPOLIS","","WDL3968","52","5","30","12","2.8","52","A"
"368126820","2024-08-19T09:37:27","38.36170","-75.61352","0.0","319.0","358.0","ANNAPOLIS","","WDL3968","52","5","30","12","2.8","52","A"
"368126820","2024-08-19T09:46:31","38.36171","-75.61352","0.0","319.0","358.0","ANNAPOLIS","","WDL3968","52","5","30","12","2.8","52","A"
"368126820","2024-08-19T09:49:26","38.36171","-75.61352","0.0","319.0","358.0","ANNAPOLIS","","WDL3968","52","5","30","12","2.8","52","A"
"368126820","2024-08-19T09:52:31","38.36171","-75.61352","0.0","319.0","358.0","ANNAPOLIS","","WDL3968","52","5","30","12","2.8","52","A"
"368126820","2024-08-19T09:55:25","38.36171","-75.61352","0.0","319.0","357.0","ANNAPOLIS","","WDL3968","52","5","30","12","2.8","52","A"
"338327527","2024-08-19T09:59:43","38.61215","-75.95911","0.0","93.5","511.0","SAND DOLLAR","IMO0000000","","37","","19","6","","","B"
"368126820","2024-08-19T10:01:27","38.36171","-75.61352","0.0","319.0","357.0","ANNAPOLIS","","WDL3968","52","5","30","12","2.8","52","A"
"368126820","2024-08-19T09:58:32","38.36171","-75.61352","0.0","319.0","357.0","ANNAPOLIS","","WDL3968","52","5","30","12","2.8","52","A"
"368126820","2024-08-19T10:04:32","38.36171","-75.61352","0.0","319.0","357.0","ANNAPOLIS","","WDL3968","52","5","30","12","2.8","52","A"
"338327527","2024-08-19T10:05:43","38.61215","-75.95911","0.0","93.5","511.0","SAND DOLLAR","IMO0000000","","37","","19","6","","","B"
"368126820","2024-08-19T10:10:30","38.36171","-75.61352","0.0","319.0","357.0","ANNAPOLIS","","WDL3968","52","5","30","12","2.8","52","A"
"338327527","2024-08-19T10:08:43","38.61215","-75.95911","0.0","93.5","511.0","SAND DOLLAR","IMO0000000","","37","","19","6","","","B"
"368126820","2024-08-19T09:43:25","38.36171","-75.61352","0.0","319.0","358.0","ANNAPOLIS","","WDL3968","52","5","30","12","2.8","52","A"
"368126820","2024-08-19T10:13:26","38.36171","-75.61352","0.0","319.0","357.0","ANNAPOLIS","","WDL3968","52","5","30","12","2.8","52","A"
"338327527","2024-08-19T10:17:44","38.61215","-75.95911","0.0","93.5","511.0","SAND DOLLAR","IMO0000000","","37","","19","6","","","B"
"368126820","2024-08-19T10:19:24","38.36171","-75.61352","0.0","319.0","358.0","ANNAPOLIS","","WDL3968","52","5","30","12","2.8","52","A"
"368126820","2024-08-19T10:25:25","38.36171","-75.61352","0.0","319.0","358.0","ANNAPOLIS","","WDL3968","52","5","30","12","2.8","52","A"
"368126820","2024-08-19T10:22:32","38.36171","-75.61352","0.0","319.0","358.0","ANNAPOLIS","","WDL3968","52","5","30","12","2.8","52","A"
"338327527","2024-08-19T09:53:42","38.61214","-75.95911","0.0","93.5","511.0","SAND DOLLAR","IMO0000000","","37","","19","6","","","B"
"338327527","2024-08-19T10:26:43","38.61215","-75.95911","0.0","93.5","511.0","SAND DOLLAR","IMO0000000","","37","","19","6","","","B"
"368126820","2024-08-19T10:28:31","38.36171","-75.61352","0.0","319.0","358.0","ANNAPOLIS","","WDL3968","52","5","30","12","2.8","52","A"
"368126820","2024-08-19T10:31:27","38.36171","-75.61352","0.0","319.0","358.0","ANNAPOLIS","","WDL3968","52","5","30","12","2.8","52","A"
"368126820","2024-08-19T10:37:26","38.36171","-75.61353","0.0","319.0","358.0","ANNAPOLIS","","WDL3968","52","5","30","12","2.8","52","A"
"368126820","2024-08-19T10:40:32","38.36171","-75.61353","0.0","319.0","358.0","ANNAPOLIS","","WDL3968","52","5","30","12","2.8","52","A"
"368126820","2024-08-19T10:46:30","38.36171","-75.61353","0.0","319.0","358.0","ANNAPOLIS","","WDL3968","52","5","30","12","2.8","52","A"
"368126820","2024-08-19T10:49:29","38.36171","-75.61353","0.0","319.0","358.0","ANNAPOLIS","","WDL3968","52","5","30","12","2.8","52","A"
"368126820","2024-08-19T10:52:30","38.36172","-75.61353","0.0","319.0","358.0","ANNAPOLIS","","WDL3968","52","5","30","12","2.8","52","A"
"368126820","2024-08-19T10:55:30","38.36172","-75.61352","0.0","319.0","357.0","ANNAPOLIS","","WDL3968","52","5","30","12","2.8","52","A"
"368126820","2024-08-19T10:58:28","38.36172","-75.61352","0.0","319.0","357.0","ANNAPOLIS","","WDL3968","52","5","30","12","2.8","52","A"
"368126820","2024-08-19T11:01:30","38.36172","-75.61352","0.0","319.0","357.0","ANNAPOLIS","","WDL3968","52","5","30","12","2.8","52","A"
"368126820","2024-08-19T11:04:28","38.36172","-75.61352","0.0","319.0","357.0","ANNAPOLIS","","WDL3968","52","5","30","12","2.8","52","A"
"368126820","2024-08-19T11:07:32","38.36172","-75.61352","0.0","319.0","357.0","ANNAPOLIS","","WDL3968","52","5","30","12","2.8","52","A"
"368126820","2024-08-19T11:13:22","38.36172","-75.61352","0.0","319.0","357.0","ANNAPOLIS","","WDL3968","52","5","30","12","2.8","52","A"
"368126820","2024-08-19T11:19:26","38.36172","-75.61352","0.0","319.0","357.0","ANNAPOLIS","","WDL3968","52","5","30","12","2.8","52","A"
"368126820","2024-08-19T11:22:24","38.36172","-75.61352","0.0","319.0","357.0","ANNAPOLIS","","WDL3968","52","5","30","12","2.8","52","A"
"338327527","2024-08-19T11:23:42","38.61216","-75.95912","0.0","75.1","511.0","SAND DOLLAR","IMO0000000","","37","","19","6","","","B"
"368126820","2024-08-19T11:25:28","38.36172","-75.61352","0.0","319.0","357.0","ANNAPOLIS","","WDL3968","52","5","30","12","2.8","52","A"
"368126820","2024-08-19T11:28:26","38.36172","-75.61352","0.0","319.0","357.0","ANNAPOLIS","","WDL3968","52","5","30","12","2.8","52","A"
"368106000","2024-08-19T11:29:47","38.21987","-75.96562","7.0","106.3","511.0","THUNDER","IMO0000000","WDE9177","90","","21","6","","","B"
"338327527","2024-08-19T11:29:43","38.61216","-75.95912","0.0","75.1","511.0","SAND DOLLAR","IMO0000000","","37","","19","6","","","B"
"368126820","2024-08-19T11:31:27","38.36171","-75.61352","0.0","319.0","359.0","ANNAPOLIS","","WDL3968","52","5","30","12","2.8","52","A"
"368126820","2024-08-19T11:37:29","38.36171","-75.61352","0.0","319.0","359.0","ANNAPOLIS","","WDL3968","52","5","30","12","2.8","52","A"
"368126820","2024-08-19T11:40:28","38.36171","-75.61352","0.0","319.0","359.0","ANNAPOLIS","","WDL3968","52","5","30","12","2.8","52","A"
"338327527","2024-08-19T11:41:43","38.61216","-75.95912","0.0","75.1","511.0","SAND DOLLAR","IMO0000000","","37","","19","6","","","B"
"338327527","2024-08-19T11:44:42","38.61216","-75.95911","0.0","75.1","511.0","SAND DOLLAR","IMO0000000","","37","","19","6","","","B"
"368126820","2024-08-19T11:46:28","38.36171","-75.61352","0.0","319.0","0.0","ANNAPOLIS","","WDL3968","52","5","30","12","2.8","52","A"
"368126820","2024-08-19T11:49:27","38.36171","-75.61352","0.0","319.0","0.0","ANNAPOLIS","","WDL3968","52","5","30","12","2.8","52","A"
"338327527","2024-08-19T11:50:43","38.61216","-75.95911","0.0","75.1","511.0","SAND DOLLAR","IMO0000000","","37","","19","6","","","B"
"338327527","2024-08-19T11:53:43","38.61216","-75.95911","0.0","75.1","511.0","SAND DOLLAR","IMO0000000","","37","","19","6","","","B"
"368126820","2024-08-19T11:58:26","38.36171","-75.61352","0.0","319.0","0.0","ANNAPOLIS","","WDL3968","52","5","30","12","2.8","52","A"
"368106000","2024-08-19T12:02:19","38.22018","-75.96882","6.4","290.4","511.0","THUNDER","IMO0000000","WDE9177","90","","21","6","","","B"
"338327527","2024-08-19T12:05:42","38.61217","-75.95911","0.0","75.1","511.0","SAND DOLLAR","IMO0000000","","37","","19","6","","","B"
"368126820","2024-08-19T12:07:28","38.36171","-75.61352","0.0","319.0","0.0","ANNAPOLIS","","WDL3968","52","5","30","12","2.8","52","A"
"368126820","2024-08-19T12:01:27","38.36171","-75.61352","0.0","319.0","0.0","ANNAPOLIS","","WDL3968","52","5","30","12","2.8","52","A"
"368126820","2024-08-19T12:10:25","38.36172","-75.61352","0.0","319.0","359.0","ANNAPOLIS","","WDL3968","52","5","30","12","2.8","52","A"
"368106000","2024-08-19T11:31:17","38.21904","-75.96236","6.3","108.8","511.0","THUNDER","IMO0000000","WDE9177","90","","21","6","","","B"
"368126820","2024-08-19T12:04:25","38.36171","-75.61352","0.0","319.0","0.0","ANNAPOLIS","","WDL3968","52","5","30","12","2.8","52","A"
"338327527","2024-08-19T12:11:43","38.61216","-75.95911","0.0","75.1","511.0","SAND DOLLAR","IMO0000000","","37","","19","6","","","B"
"368126820","2024-08-19T12:13:29","38.36171","-75.61352","0.0","319.0","0.0","ANNAPOLIS","","WDL3968","52","5","30","12","2.8","52","A"
"368126820","2024-08-19T11:34:25","38.36171","-75.61352","0.0","319.0","359.0","ANNAPOLIS","","WDL3968","52","5","30","12","2.8","52","A"
"338327527","2024-08-19T12:14:43","38.61216","-75.95911","0.0","75.1","511.0","SAND DOLLAR","IMO0000000","","37","","19","6","","","B"
"368126820","2024-08-19T12:16:27","38.36171","-75.61352","0.0","319.0","359.0","ANNAPOLIS","","WDL3968","52","5","30","12","2.8","52","A"
"338327527","2024-08-19T12:23:43","38.61217","-75.95911","0.0","75.1","511.0","SAND DOLLAR","IMO0000000","","37","","19","6","","","B"
"368126820","2024-08-19T11:43:27","38.36171","-75.61352","0.0","319.0","0.0","ANNAPOLIS","","WDL3968","52","5","30","12","2.8","52","A"
"368126820","2024-08-19T12:19:29","38.36171","-75.61352","0.0","319.0","0.0","ANNAPOLIS","","WDL3968","52","5","30","12","2.8","52","A"
"368126820","2024-08-19T12:31:30","38.36173","-75.61352","0.0","319.0","357.0","ANNAPOLIS","","WDL3968","52","5","30","12","2.8","52","A"
"368126820","2024-08-19T11:55:26","38.36171","-75.61352","0.0","319.0","0.0","ANNAPOLIS","","WDL3968","52","5","30","12","2.8","52","A"
"368126820","2024-08-19T12:37:30","38.36173","-75.61352","0.0","319.0","356.0","ANNAPOLIS","","WDL3968","52","5","30","12","2.8","52","A"
"368126820","2024-08-19T12:40:26","38.36173","-75.61352","0.0","319.0","357.0","ANNAPOLIS","","WDL3968","52","5","30","12","2.8","52","A"
"368126820","2024-08-19T12:34:27","38.36173","-75.61352","0.0","319.0","357.0","ANNAPOLIS","","WDL3968","52","5","30","12","2.8","52","A"
"368106000","2024-08-19T12:41:59","38.21799","-75.96228","7.0","96.1","511.0","THUNDER","IMO0000000","WDE9177","90","","21","6","","","B"
"338327527","2024-08-19T11:59:43","38.61216","-75.95911","0.0","75.1","511.0","SAND DOLLAR","IMO0000000","","37","","19","6","","","B"
"338327527","2024-08-19T12:44:43","38.61216","-75.95911","0.0","95.3","511.0","SAND DOLLAR","IMO0000000","","37","","19","6","","","B"
"368126820","2024-08-19T12:43:29","38.36172","-75.61352","0.0","319.0","357.0","ANNAPOLIS","","WDL3968","52","5","30","12","2.8","52","A"
"368106000","2024-08-19T12:48:01","38.21807","-75.96481","6.6","283.9","511.0","THUNDER","IMO0000000","WDE9177","90","","21","6","","","B"
"368106000","2024-08-19T12:49:29","38.21914","-75.96788","6.4","313.7","511.0","THUNDER","IMO0000000","WDE9177","90","","21","6","","","B"
"368126820","2024-08-19T12:49:28","38.36172","-75.61352","0.0","319.0","357.0","ANNAPOLIS","","WDL3968","52","5","30","12","2.8","52","A"
"338327527","2024-08-19T12:56:44","38.61216","-75.95910","0.0","95.3","511.0","SAND DOLLAR","IMO0000000","","37","","19","6","","","B"
"368126820","2024-08-19T12:58:30","38.36172","-75.61352","0.0","319.0","357.0","ANNAPOLIS","","WDL3968","52","5","30","12","2.8","52","A"
"368126820","2024-08-19T13:01:29","38.36172","-75.61352","0.0","319.0","358.0","ANNAPOLIS","","WDL3968","52","5","30","12","2.8","52","A"
"368106000","2024-08-19T12:20:47","38.21839","-75.96244","6.8","105.9","511.0","THUNDER","IMO0000000","WDE9177","90","","21","6","","","B"
"368126820","2024-08-19T13:04:29","38.36172","-75.61352","0.0","319.0","357.0","ANNAPOLIS","","WDL3968","52","5","30","12","2.8","52","A"
"368126820","2024-08-19T13:07:29","38.36172","-75.61352","0.0","319.0","357.0","ANNAPOLIS","","WDL3968","52","5","30","12","2.8","52","A"
"368126820","2024-08-19T13:10:29","38.36171","-75.61352","0.0","319.0","0.0","ANNAPOLIS","","WDL3968","52","5","30","12","2.8","52","A"
"338327527","2024-08-19T13:08:43","38.61216","-75.95910","0.0","95.3","511.0","SAND DOLLAR","IMO0000000","","37","","19","6","","","B"
"368106000","2024-08-19T12:27:54","38.21973","-75.96834","6.4","291.2","511.0","THUNDER","IMO0000000","WDE9177","90","","21","6","","","B"
"368126820","2024-08-19T12:28:25","38.36172","-75.61352","0.0","319.0","359.0","ANNAPOLIS","","WDL3968","52","5","30","12","2.8","52","A"
"338327527","2024-08-19T12:32:44","38.61217","-75.95911","0.0","75.1","511.0","SAND DOLLAR","IMO0000000","","37","","19","6","","","B"
"338327527","2024-08-19T13:11:42","38.61217","-75.95910","0.0","95.3","511.0","SAND DOLLAR","IMO0000000","","37","","19","6","","","B"
"368126820","2024-08-19T13:13:29","38.36171","-75.61352","0.0","319.0","0.0","ANNAPOLIS","","WDL3968","52","5","30","12","2.8","52","A"
"338327527","2024-08-19T13:17:47","38.61216","-75.95910","0.0","95.3","511.0","SAND DOLLAR","IMO0000000","","37","","19","6","","","B"
"338327527","2024-08-19T00:59:42","38.61216","-75.95912","0.0","118.1","511.0","SAND DOLLAR","IMO0000000","","37","","19","6","","","B"
"368126820","2024-08-19T13:19:27","38.36171","-75.61352","0.0","319.0","1.0","ANNAPOLIS","","WDL3968","52","5","30","12","2.8","52","A"
"368126820","2024-08-19T13:22:29","38.36171","-75.61351","0.0","319.0","0.0","ANNAPOLIS","","WDL3968","52","5","30","12","2.8","52","A"
"338327527","2024-08-19T13:26:42","38.61216","-75.95910","0.0","95.3","511.0","SAND DOLLAR","IMO0000000","","37","","19","6","","","B"
"368106000","2024-08-19T13:26:41","38.21663","-75.95854","6.2","271.0","511.0","THUNDER","IMO0000000","WDE9177","90","","21","6","","","B"
"368126820","2024-08-19T13:25:28","38.36171","-75.61352","0.0","319.0","0.0","ANNAPOLIS","","WDL3968","52","5","30","12","2.8","52","A"
"338327527","2024-08-19T13:29:42","38.61216","-75.95910","0.0","95.3","511.0","SAND DOLLAR","IMO0000000","","37","","19","6","","","B"
"368126820","2024-08-19T13:31:30","38.36172","-75.61352","0.0","319.0","357.0","ANNAPOLIS","","WDL3968","52","5","30","12","2.8","52","A"
"338327527","2024-08-19T13:32:42","38.61216","-75.95910","0.0","95.3","511.0","SAND DOLLAR","IMO0000000","","37","","19","6","","","B"
"368126820","2024-08-19T13:34:27","38.36171","-75.61351","0.0","319.0","359.0","ANNAPOLIS","","WDL3968","52","5","30","12","2.8","52","A"
"368126820","2024-08-19T13:40:29","38.36171","-75.61351","0.0","319.0","358.0","ANNAPOLIS","","WDL3968","52","5","30","12","2.8","52","A"
"338327527","2024-08-19T13:41:43","38.61216","-75.95910","0.0","95.3","511.0","SAND DOLLAR","IMO0000000","","37","","19","6","","","B"
"368126820","2024-08-19T13:43:33","38.36171","-75.61351","0.0","319.0","357.0","ANNAPOLIS","","WDL3968","52","5","30","12","2.8","52","A"
"368126820","2024-08-19T13:49:33","38.36172","-75.61351","0.0","319.0","357.0","ANNAPOLIS","","WDL3968","52","5","30","12","2.8","52","A"
"338327527","2024-08-19T13:50:42","38.61216","-75.95910","0.0","95.3","511.0","SAND DOLLAR","IMO0000000","","37","","19","6","","","B"
"368126820","2024-08-19T13:55:33","38.36170","-75.61351","0.0","319.0","0.0","ANNAPOLIS","","WDL3968","52","5","30","12","2.8","52","A"
"338327527","2024-08-19T13:56:43","38.61216","-75.95910","0.0","95.3","511.0","SAND DOLLAR","IMO0000000","","37","","19","6","","","B"
"368126820","2024-08-19T01:04:23","38.36171","-75.61352","0.0","319.0","1.0","ANNAPOLIS","","WDL3968","52","5","30","12","2.8","52","A"
"368126820","2024-08-19T13:58:32","38.36171","-75.61351","0.0","319.0","359.0","ANNAPOLIS","","WDL3968","52","5","30","12","2.8","52","A"
"368126820","2024-08-19T14:01:31","38.36172","-75.61352","0.0","319.0","356.0","ANNAPOLIS","","WDL3968","52","5","30","12","2.8","52","A"
"368126820","2024-08-19T14:04:30","38.36171","-75.61351","0.0","319.0","0.0","ANNAPOLIS","","WDL3968","52","5","30","12","2.8","52","A"
"338327527","2024-08-19T14:02:43","38.61216","-75.95910","0.0","95.3","511.0","SAND DOLLAR","IMO0000000","","37","","19","6","","","B"
"368126820","2024-08-19T14:07:31","38.36171","-75.61351","0.0","319.0","359.0","ANNAPOLIS","","WDL3968","52","5","30","12","2.8","52","A"
"368126820","2024-08-19T14:13:33","38.36172","-75.61352","0.0","319.0","356.0","ANNAPOLIS","","WDL3968","52","5","30","12","2.8","52","A"
"368126820","2024-08-19T14:16:27","38.36170","-75.61351","0.0","319.0","0.0","ANNAPOLIS","","WDL3968","52","5","30","12","2.8","52","A"
"338327527","2024-08-19T14:14:43","38.61216","-75.95910","0.0","95.3","511.0","SAND DOLLAR","IMO0000000","","37","","19","6","","","B"
"338327527","2024-08-19T14:23:43","38.61215","-75.95910","0.0","95.3","511.0","SAND DOLLAR","IMO0000000","","37","","19","6","","","B"
"368126820","2024-08-19T14:28:27","38.36171","-75.61351","0.0","319.0","357.0","ANNAPOLIS","","WDL3968","52","5","30","12","2.8","52","A"
"368126820","2024-08-19T14:31:32","38.36172","-75.61351","0.0","319.0","356.0","ANNAPOLIS","","WDL3968","52","5","30","12","2.8","52","A"
"368126820","2024-08-19T14:25:33","38.36170","-75.61351","0.0","319.0","0.0","ANNAPOLIS","","WDL3968","52","5","30","12","2.8","52","A"
"368126820","2024-08-19T13:46:29","38.36170","-75.61351","0.0","319.0","0.0","ANNAPOLIS","","WDL3968","52","5","30","12","2.8","52","A"
"368126820","2024-08-19T14:37:34","38.36171","-75.61351","0.0","319.0","359.0","ANNAPOLIS","","WDL3968","52","5","30","12","2.8","52","A"
"368106000","2024-08-19T14:38:13","38.22043","-75.96608","6.2","286.6","511.0","THUNDER","IMO0000000","WDE9177","90","","21","6","","","B"
"338327527","2024-08-19T14:38:43","38.61215","-75.95910","0.0","94.1","511.0","SAND DOLLAR","IMO0000000","","37","","19","6","","","B"
"368126820","2024-08-19T14:34:27","38.36170","-75.61351","0.0","319.0","0.0","ANNAPOLIS","","WDL3968","52","5","30","12","2.8","52","A"
"338327527","2024-08-19T14:41:43","38.61214","-75.95910","0.0","94.1","511.0","SAND DOLLAR","IMO0000000","","37","","19","6","","","B"
"338327527","2024-08-19T14:50:43","38.61215","-75.95910","0.0","94.1","511.0","SAND DOLLAR","IMO0000000","","37","","19","6","","","B"
"368126820","2024-08-19T14:55:29","38.36170","-75.61352","0.0","319.0","0.0","ANNAPOLIS","","WDL3968","52","5","30","12","2.8","52","A"
"338327527","2024-08-19T14:56:46","38.61215","-75.95910","0.0","94.1","511.0","SAND DOLLAR","IMO0000000","","37","","19","6","","","B"
"368126820","2024-08-19T14:58:28","38.36170","-75.61352","0.0","319.0","0.0","ANNAPOLIS","","WDL3968","52","5","30","12","2.8","52","A"
"368126820","2024-08-19T15:07:29","38.36170","-75.61352","0.0","319.0","1.0","ANNAPOLIS","","WDL3968","52","5","30","12","2.8","52","A"
"338327527","2024-08-19T15:02:42","38.61215","-75.95910","0.0","94.1","511.0","SAND DOLLAR","IMO0000000","","37","","19","6","","","B"
"338327527","2024-08-19T15:11:43","38.61215","-75.95910","0.0","94.1","511.0","SAND DOLLAR","IMO0000000","","37","","19","6","","","B"
"368126820","2024-08-19T15:22:29","38.36170","-75.61352","0.0","319.0","1.0","ANNAPOLIS","","WDL3968","52","5","30","12","2.8","52","A"
"338327527","2024-08-19T15:23:43","38.61215","-75.95910","0.0","94.1","511.0","SAND DOLLAR","IMO0000000","","37","","19","6","","","B"
"368126820","2024-08-19T14:49:27","38.36172","-75.61352","0.0","319.0","357.0","ANNAPOLIS","","WDL3968","52","5","30","12","2.8","52","A"
"368126820","2024-08-19T14:52:28","38.36171","-75.61352","0.0","319.0","357.0","ANNAPOLIS","","WDL3968","52","5","30","12","2.8","52","A"
"338327527","2024-08-19T15:44:43","38.61216","-75.95911","0.0","94.1","511.0","SAND DOLLAR","IMO0000000","","37","","19","6","","","B"
"368126820","2024-08-19T15:43:28","38.36172","-75.61352","0.0","319.0","356.0","ANNAPOLIS","","WDL3968","52","5","30","12","2.8","52","A"
"368126820","2024-08-19T15:46:28","38.36172","-75.61352","0.0","319.0","357.0","ANNAPOLIS","","WDL3968","52","5","30","12","2.8","52","A"
"368126820","2024-08-19T15:49:28","38.36172","-75.61352","0.0","319.0","357.0","ANNAPOLIS","","WDL3968","52","5","30","12","2.8","52","A"
"338327527","2024-08-19T15:50:42","38.61215","-75.95911","0.0","94.1","511.0","SAND DOLLAR","IMO0000000","","37","","19","6","","","B"
"368126820","2024-08-19T15:04:27","38.36170","-75.61352","0.0","319.0","1.0","ANNAPOLIS","","WDL3968","52","5","30","12","2.8","52","A"
"368126820","2024-08-19T15:52:30","38.36170","-75.61352","0.1","319.0","2.0","ANNAPOLIS","","WDL3968","52","5","30","12","2.8","52","A"
"338327527","2024-08-19T15:53:43","38.61215","-75.95911","0.0","94.1","511.0","SAND DOLLAR","IMO0000000","","37","","19","6","","","B"
"368126820","2024-08-19T15:55:28","38.36169","-75.61352","0.0","319.0","5.0","ANNAPOLIS","","WDL3968","52","5","30","12","2.8","52","A"
"368126820","2024-08-19T16:01:28","38.36169","-75.61352","0.0","319.0","5.0","ANNAPOLIS","","WDL3968","52","5","30","12","2.8","52","A"
"368126820","2024-08-19T16:07:29","38.36173","-75.61352","0.0","319.0","356.0","ANNAPOLIS","","WDL3968","52","5","30","12","2.8","52","A"
"338327527","2024-08-19T16:05:45","38.61216","-75.95911","0.0","94.1","511.0","SAND DOLLAR","IMO0000000","","37","","19","6","","","B"
"368126820","2024-08-19T15:19:29","38.36172","-75.61352","0.0","319.0","357.0","ANNAPOLIS","","WDL3968","52","5","30","12","2.8","52","A"
"368126820","2024-08-19T16:10:27","38.36171","-75.61352","0.0","319.0","0.0","ANNAPOLIS","","WDL3968","52","5","30","12","2.8","52","A"
"368126820","2024-08-19T16:04:29","38.36171","-75.61352","0.1","319.0","1.0","ANNAPOLIS","","WDL3968","52","5","30","12","2.8","52","A"
"338327527","2024-08-19T16:08:43","38.61216","-75.95911","0.0","94.1","511.0","SAND DOLLAR","IMO0000000","","37","","19","6","","","B"
"338327527","2024-08-19T16:11:44","38.61216","-75.95911","0.0","94.1","511.0","SAND DOLLAR","IMO0000000","","37","","19","6","","","B"
"338327527","2024-08-19T16:23:42","38.61216","-75.95911","0.0","94.1","511.0","SAND DOLLAR","IMO0000000","","37","","19","6","","","B"
"368126820","2024-08-19T15:34:30","38.36171","-75.61352","0.0","319.0","0.0","ANNAPOLIS","","WDL3968","52","5","30","12","2.8","52","A"
"368126820","2024-08-19T16:25:30","38.36173","-75.61352","0.0","319.0","356.0","ANNAPOLIS","","WDL3968","52","5","30","12","2.8","52","A"
"368126820","2024-08-19T16:19:29","38.36172","-75.61352","0.0","319.0","357.0","ANNAPOLIS","","WDL3968","52","5","30","12","2.8","52","A"
"368126820","2024-08-19T16:28:29","38.36173","-75.61352","0.0","319.0","356.0","ANNAPOLIS","","WDL3968","52","5","30","12","2.8","52","A"
"368126820","2024-08-19T16:31:30","38.36173","-75.61352","0.0","319.0","356.0","ANNAPOLIS","","WDL3968","52","5","30","12","2.8","52","A"
"338327527","2024-08-19T16:29:44","38.61217","-75.95911","0.0","94.1","511.0","SAND DOLLAR","IMO0000000","","37","","19","6","","","B"
"338327527","2024-08-19T16:35:42","38.61216","-75.95911","0.0","94.1","511.0","SAND DOLLAR","IMO0000000","","37","","19","6","","","B"
"338327527","2024-08-19T16:53:43","38.61217","-75.95910","0.0","58.3","511.0","SAND DOLLAR","IMO0000000","","37","","19","6","","","B"
"368126820","2024-08-19T17:01:30","38.36170","-75.61352","0.0","319.0","4.0","ANNAPOLIS","","WDL3968","52","5","30","12","2.8","52","A"
"338327527","2024-08-19T17:02:42","38.61218","-75.95910","0.0","58.3","511.0","SAND DOLLAR","IMO0000000","","37","","19","6","","","B"
"338327527","2024-08-19T17:05:42","38.61217","-75.95910","0.0","58.3","511.0","SAND DOLLAR","IMO0000000","","37","","19","6","","","B"
"368106000","2024-08-19T17:03:34","38.22266","-75.96245","5.7","299.7","511.0","THUNDER","IMO0000000","WDE9177","90","","21","6","","","B"
"338327527","2024-08-19T17:11:42","38.61217","-75.95910","0.0","58.3","511.0","SAND DOLLAR","IMO0000000","","37","","19","6","","","B"
"338327527","2024-08-19T17:08:43","38.61217","-75.95910","0.0","58.3","511.0","SAND DOLLAR","IMO0000000","","37","","19","6","","","B"
"338327527","2024-08-19T17:14:43","38.61217","-75.95910","0.0","58.3","511.0","SAND DOLLAR","IMO0000000","","37","","19","6","","","B"
"368126820","2024-08-19T17:19:31","38.36173","-75.61352","0.0","319.0","357.0","ANNAPOLIS","","WDL3968","52","5","30","12","2.8","52","A"
"368126820","2024-08-19T16:37:32","38.36173","-75.61352","0.0","319.0","356.0","ANNAPOLIS","","WDL3968","52","5","30","12","2.8","52","A"
"338327527","2024-08-19T17:29:42","38.61218","-75.95909","0.0","58.3","511.0","SAND DOLLAR","IMO0000000","","37","","19","6","","","B"
"338327527","2024-08-19T17:35:42","38.61217","-75.95909","0.0","58.3","511.0","SAND DOLLAR","IMO0000000","","37","","19","6","","","B"
"338327527","2024-08-19T17:32:42","38.61218","-75.95909","0.0","58.3","511.0","SAND DOLLAR","IMO0000000","","37","","19","6","","","B"
"338327527","2024-08-19T17:38:44","38.61217","-75.95909","0.0","58.3","511.0","SAND DOLLAR","IMO0000000","","37","","19","6","","","B"
"338327527","2024-08-19T16:44:42","38.61217","-75.95910","0.0","58.3","511.0","SAND DOLLAR","IMO0000000","","37","","19","6","","","B"
"368126820","2024-08-19T17:46:29","38.36171","-75.61352","0.0","319.0","0.0","ANNAPOLIS","","WDL3968","52","5","30","12","2.8","52","A"
"338327527","2024-08-19T17:47:43","38.61218","-75.95909","0.0","58.3","511.0","SAND DOLLAR","IMO0000000","","37","","19","6","","","B"
"338327527","2024-08-19T17:50:44","38.61218","-75.95908","0.0","58.3","511.0","SAND DOLLAR","IMO0000000","","37","","19","6","","","B"
"338327527","2024-08-19T17:44:45","38.61218","-75.95909","0.0","58.3","511.0","SAND DOLLAR","IMO0000000","","37","","19","6","","","B"
"368126820","2024-08-19T17:55:29","38.36169","-75.61351","0.0","319.0","5.0","ANNAPOLIS","","WDL3968","52","5","30","12","2.8","52","A"
"338327527","2024-08-19T17:53:43","38.61218","-75.95908","0.0","58.3","511.0","SAND DOLLAR","IMO0000000","","37","","19","6","","","B"
"338327527","2024-08-19T17:56:44","38.61218","-75.95908","0.0","58.3","511.0","SAND DOLLAR","IMO0000000","","37","","19","6","","","B"
"368126820","2024-08-19T18:16:33","38.36169","-75.61352","0.0","319.0","4.0","ANNAPOLIS","","WDL3968","52","5","30","12","2.8","52","A"
"338327527","2024-08-19T18:17:43","38.61216","-75.95909","0.0","58.3","511.0","SAND DOLLAR","IMO0000000","","37","","19","6","","","B"
"368126820","2024-08-19T18:28:33","38.36169","-75.61352","0.0","319.0","4.0","ANNAPOLIS","","WDL3968","52","5","30","12","2.8","52","A"
"368126820","2024-08-19T18:25:33","38.36173","-75.61352","0.0","319.0","356.0","ANNAPOLIS","","WDL3968","52","5","30","12","2.8","52","A"
"338327527","2024-08-19T18:29:45","38.61216","-75.95909","0.0","58.3","511.0","SAND DOLLAR","IMO0000000","","37","","19","6","","","B"
"338327527","2024-08-19T18:32:42","38.61216","-75.95910","0.0","58.3","511.0","SAND DOLLAR","IMO0000000","","37","","19","6","","","B"
"368126820","2024-08-19T18:31:33","38.36169","-75.61352","0.0","319.0","4.0","ANNAPOLIS","","WDL3968","52","5","30","12","2.8","52","A"
"368126820","2024-08-19T18:34:33","38.36171","-75.61351","0.0","319.0","0.0","ANNAPOLIS","","WDL3968","52","5","30","12","2.8","52","A"
"338327527","2024-08-19T18:38:43","38.61216","-75.95910","0.0","58.3","511.0","SAND DOLLAR","IMO0000000","","37","","19","6","","","B"
"368126820","2024-08-19T18:43:28","38.36170","-75.61351","0.0","319.0","3.0","ANNAPOLIS","","WDL3968","52","5","30","12","2.8","52","A"
"368126820","2024-08-19T18:46:31","38.36172","-75.61351","0.0","319.0","356.0","ANNAPOLIS","","WDL3968","52","5","30","12","2.8","52","A"
"338327527","2024-08-19T01:29:43","38.61215","-75.95912","0.0","118.1","511.0","SAND DOLLAR","IMO0000000","","37","","19","6","","","B"
"338327527","2024-08-19T18:47:42","38.61216","-75.95909","0.0","135.8","511.0","SAND DOLLAR","IMO0000000","","37","","19","6","","","B"
"368126820","2024-08-19T18:49:30","38.36172","-75.61351","0.0","319.0","356.0","ANNAPOLIS","","WDL3968","52","5","30","12","2.8","52","A"
"338327527","2024-08-19T18:50:46","38.61216","-75.95909","0.0","135.8","511.0","SAND DOLLAR","IMO0000000","","37","","19","6","","","B"
"368126820","2024-08-19T18:52:31","38.36173","-75.61351","0.0","319.0","356.0","ANNAPOLIS","","WDL3968","52","5","30","12","2.8","52","A"
"368126820","2024-08-19T18:55:30","38.36173","-75.61351","0.0","319.0","357.0","ANNAPOLIS","","WDL3968","52","5","30","12","2.8","52","A"
"368126820","2024-08-19T18:58:33","38.36170","-75.61351","0.1","319.0","2.0","ANNAPOLIS","","WDL3968","52","5","30","12","2.8","52","A"
"338327527","2024-08-19T19:05:43","38.61216","-75.95909","0.0","135.8","511.0","SAND DOLLAR","IMO0000000","","37","","19","6","","","B"
"338327527","2024-08-19T19:11:43","38.61216","-75.95909","0.0","135.8","511.0","SAND DOLLAR","IMO0000000","","37","","19","6","","","B"
"368126820","2024-08-19T19:10:32","38.36173","-75.61351","0.0","319.0","356.0","ANNAPOLIS","","WDL3968","52","5","30","12","2.8","52","A"
"368126820","2024-08-19T19:13:30","38.36171","-75.61351","0.0","319.0","0.0","ANNAPOLIS","","WDL3968","52","5","30","12","2.8","52","A"
"338327527","2024-08-19T19:17:43","38.61216","-75.95909","0.0","135.8","511.0","SAND DOLLAR","IMO0000000","","37","","19","6","","","B"
"368126820","2024-08-19T19:19:31","38.36169","-75.61351","0.0","319.0","5.0","ANNAPOLIS","","WDL3968","52","5","30","12","2.8","52","A"
"368126820","2024-08-19T19:22:33","38.36169","-75.61351","0.0","319.0","6.0","ANNAPOLIS","","WDL3968","52","5","30","12","2.8","52","A"
"368126820","2024-08-19T19:25:31","38.36169","-75.61351","0.0","319.0","6.0","ANNAPOLIS","","WDL3968","52","5","30","12","2.8","52","A"
"338327527","2024-08-19T19:26:44","38.61216","-75.95909","0.0","135.8","511.0","SAND DOLLAR","IMO0000000","","37","","19","6","","","B"
"368126820","2024-08-19T19:31:30","38.36168","-75.61351","0.0","319.0","6.0","ANNAPOLIS","","WDL3968","52","5","30","12","2.8","52","A"
"338327527","2024-08-19T19:32:43","38.61216","-75.95909","0.0","135.8","511.0","SAND DOLLAR","IMO0000000","","37","","19","6","","","B"
"368126820","2024-08-19T19:34:25","38.36168","-75.61351","0.0","319.0","6.0","ANNAPOLIS","","WDL3968","52","5","30","12","2.8","52","A"
"338327527","2024-08-19T19:35:45","38.61216","-75.95909","0.0","135.8","511.0","SAND DOLLAR","IMO0000000","","37","","19","6","","","B"
"338327527","2024-08-19T19:38:43","38.61216","-75.95909","0.0","135.8","511.0","SAND DOLLAR","IMO0000000","","37","","19","6","","","B"
"338327527","2024-08-19T19:41:43","38.61216","-75.95909","0.0","135.8","511.0","SAND DOLLAR","IMO0000000","","37","","19","6","","","B"
"368126820","2024-08-19T01:37:27","38.36171","-75.61352","0.0","319.0","0.0","ANNAPOLIS","","WDL3968","52","5","30","12","2.8","52","A"
"368126820","2024-08-19T19:43:32","38.36169","-75.61351","0.0","319.0","4.0","ANNAPOLIS","","WDL3968","52","5","30","12","2.8","52","A"
"338327527","2024-08-19T19:47:43","38.61217","-75.95909","0.0","135.8","511.0","SAND DOLLAR","IMO0000000","","37","","19","6","","","B"
"338327527","2024-08-19T19:53:44","38.61217","-75.95910","0.0","135.8","511.0","SAND DOLLAR","IMO0000000","","37","","19","6","","","B"
"338327527","2024-08-19T19:56:46","38.61217","-75.95909","0.0","135.8","511.0","SAND DOLLAR","IMO0000000","","37","","19","6","","","B"
"368126820","2024-08-19T20:04:30","38.36172","-75.61351","0.0","319.0","356.0","ANNAPOLIS","","WDL3968","52","5","30","12","2.8","52","A"
"368126820","2024-08-19T20:13:29","38.36172","-75.61351","0.0","319.0","356.0","ANNAPOLIS","","WDL3968","52","5","30","12","2.8","52","A"
"338327527","2024-08-19T20:14:44","38.61217","-75.95910","0.0","135.8","511.0","SAND DOLLAR","IMO0000000","","37","","19","6","","","B"
"338327527","2024-08-19T20:17:42","38.61218","-75.95910","0.0","135.8","511.0","SAND DOLLAR","IMO0000000","","37","","19","6","","","B"
"338327527","2024-08-19T19:44:43","38.61216","-75.95909","0.0","135.8","511.0","SAND DOLLAR","IMO0000000","","37","","19","6","","","B"
"338327527","2024-08-19T20:29:43","38.61217","-75.95910","0.0","135.8","511.0","SAND DOLLAR","IMO0000000","","37","","19","6","","","B"
"368126820","2024-08-19T20:28:34","38.36170","-75.61351","0.0","319.0","3.0","ANNAPOLIS","","WDL3968","52","5","30","12","2.8","52","A"
"368126820","2024-08-19T20:31:28","38.36170","-75.61351","0.0","319.0","2.0","ANNAPOLIS","","WDL3968","52","5","30","12","2.8","52","A"
"368126820","2024-08-19T20:43:29","38.36172","-75.61351","0.0","319.0","357.0","ANNAPOLIS","","WDL3968","52","5","30","12","2.8","52","A"
"338327527","2024-08-19T20:50:43","38.61216","-75.95909","0.0","48.8","511.0","SAND DOLLAR","IMO0000000","","37","","19","6","","","B"
"368126820","2024-08-19T20:52:33","38.36172","-75.61352","0.0","319.0","356.0","ANNAPOLIS","","WDL3968","52","5","30","12","2.8","52","A"
"368126820","2024-08-19T20:55:28","38.36172","-75.61352","0.0","319.0","356.0","ANNAPOLIS","","WDL3968","52","5","30","12","2.8","52","A"
"368126820","2024-08-19T21:01:29","38.36172","-75.61352","0.0","319.0","356.0","ANNAPOLIS","","WDL3968","52","5","30","12","2.8","52","A"
"338327527","2024-08-19T21:08:44","38.61216","-75.95909","0.0","48.8","511.0","SAND DOLLAR","IMO0000000","","37","","19","6","","","B"
"338327527","2024-08-19T21:11:43","38.61216","-75.95910","0.0","48.8","511.0","SAND DOLLAR","IMO0000000","","37","","19","6","","","B"
"368126820","2024-08-19T21:16:34","38.36172","-75.61352","0.0","319.0","355.0","ANNAPOLIS","","WDL3968","52","5","30","12","2.8","52","A"
"338327527","2024-08-19T20:32:42","38.61216","-75.95910","0.0","135.8","511.0","SAND DOLLAR","IMO0000000","","37","","19","6","","","B"
"368126820","2024-08-19T21:25:30","38.36172","-75.61352","0.0","319.0","356.0","ANNAPOLIS","","WDL3968","52","5","30","12","2.8","52","A"
"338327527","2024-08-19T21:26:43","38.61216","-75.95910","0.0","48.8","511.0","SAND DOLLAR","IMO0000000","","37","","19","6","","","B"
"338327527","2024-08-19T20:41:42","38.61216","-75.95910","0.0","135.8","511.0","SAND DOLLAR","IMO0000000","","37","","19","6","","","B"
"368126820","2024-08-19T21:28:31","38.36172","-75.61352","0.0","319.0","356.0","ANNAPOLIS","","WDL3968","52","5","30","12","2.8","52","A"
"368126820","2024-08-19T21:31:31","38.36172","-75.61352","0.0","319.0","355.0","ANNAPOLIS","","WDL3968","52","5","30","12","2.8","52","A"
"338327527","2024-08-19T01:50:42","38.61216","-75.95912","0.0","118.1","511.0","SAND DOLLAR","IMO0000000","","37","","19","6","","","B"
"368126820","2024-08-19T20:46:32","38.36172","-75.61352","0.0","319.0","356.0","ANNAPOLIS","","WDL3968","52","5","30","12","2.8","52","A"
"368126820","2024-08-19T21:34:32","38.36172","-75.61352","0.0","319.0","356.0","ANNAPOLIS","","WDL3968","52","5","30","12","2.8","52","A"
"368126820","2024-08-19T01:52:25","38.36172","-75.61352","0.0","319.0","356.0","ANNAPOLIS","","WDL3968","52","5","30","12","2.8","52","A"
"368126820","2024-08-19T21:40:31","38.36172","-75.61352","0.0","319.0","356.0","ANNAPOLIS","","WDL3968","52","5","30","12","2.8","52","A"
"368126820","2024-08-19T21:43:32","38.36172","-75.61352","0.0","319.0","356.0","ANNAPOLIS","","WDL3968","52","5","30","12","2.8","52","A"
"368126820","2024-08-19T21:46:30","38.36171","-75.61352","0.0","319.0","357.0","ANNAPOLIS","","WDL3968","52","5","30","12","2.8","52","A"
"368126820","2024-08-19T21:49:33","38.36171","-75.61352","0.0","319.0","357.0","ANNAPOLIS","","WDL3968","52","5","30","12","2.8","52","A"
"368126820","2024-08-19T21:52:30","38.36172","-75.61352","0.0","319.0","355.0","ANNAPOLIS","","WDL3968","52","5","30","12","2.8","52","A"
"368126820","2024-08-19T21:55:34","38.36172","-75.61352","0.0","319.0","356.0","ANNAPOLIS","","WDL3968","52","5","30","12","2.8","52","A"
"368126820","2024-08-19T21:58:29","38.36172","-75.61352","0.0","319.0","356.0","ANNAPOLIS","","WDL3968","52","5","30","12","2.8","52","A"
"368126820","2024-08-19T22:01:33","38.36172","-75.61352","0.0","319.0","356.0","ANNAPOLIS","","WDL3968","52","5","30","12","2.8","52","A"
"338327527","2024-08-19T22:02:43","38.61216","-75.95911","0.0","48.8","511.0","SAND DOLLAR","IMO0000000","","37","","19","6","","","B"
"368126820","2024-08-19T22:10:31","38.36172","-75.61352","0.0","319.0","356.0","ANNAPOLIS","","WDL3968","52","5","30","12","2.8","52","A"
"338327527","2024-08-19T22:14:43","38.61216","-75.95912","0.0","48.8","511.0","SAND DOLLAR","IMO0000000","","37","","19","6","","","B"
"338327527","2024-08-19T22:20:44","38.61216","-75.95912","0.0","48.8","511.0","SAND DOLLAR","IMO0000000","","37","","19","6","","","B"
"368126820","2024-08-19T22:22:29","38.36172","-75.61352","0.0","319.0","356.0","ANNAPOLIS","","WDL3968","52","5","30","12","2.8","52","A"
"338327527","2024-08-19T21:38:43","38.61215","-75.95910","0.0","48.8","511.0","SAND DOLLAR","IMO0000000","","37","","19","6","","","B"
"368126820","2024-08-19T22:31:35","38.36172","-75.61352","0.0","319.0","356.0","ANNAPOLIS","","WDL3968","52","5","30","12","2.8","52","A"
"368126820","2024-08-19T22:40:32","38.36173","-75.61352","0.0","319.0","356.0","ANNAPOLIS","","WDL3968","52","5","30","12","2.8","52","A"
"338327527","2024-08-19T22:41:46","38.61215","-75.95911","0.0","48.8","511.0","SAND DOLLAR","IMO0000000","","37","","19","6","","","B"
"338327527","2024-08-19T22:44:42","38.61215","-75.95911","0.0","48.8","511.0","SAND DOLLAR","IMO0000000","","37","","19","6","","","B"
"368126820","2024-08-19T22:46:33","38.36173","-75.61352","0.0","319.0","356.0","ANNAPOLIS","","WDL3968","52","5","30","12","2.8","52","A"
"338327527","2024-08-19T22:47:43","38.61215","-75.95912","0.0","50.0","511.0","SAND DOLLAR","IMO0000000","","37","","19","6","","","B"
"338327527","2024-08-19T22:50:45","38.61215","-75.95912","0.0","50.0","511.0","SAND DOLLAR","IMO0000000","","37","","19","6","","","B"
"368126820","2024-08-19T22:52:34","38.36173","-75.61352","0.0","319.0","356.0","ANNAPOLIS","","WDL3968","52","5","30","12","2.8","52","A"
"368126820","2024-08-19T22:49:34","38.36173","-75.61352","0.0","319.0","356.0","ANNAPOLIS","","WDL3968","52","5","30","12","2.8","52","A"
"338327527","2024-08-19T22:59:43","38.61215","-75.95912","0.0","50.0","511.0","SAND DOLLAR","IMO0000000","","37","","19","6","","","B"
"368126820","2024-08-19T22:16:30","38.36172","-75.61352","0.0","319.0","356.0","ANNAPOLIS","","WDL3968","52","5","30","12","2.8","52","A"
"368126820","2024-08-19T23:10:34","38.36173","-75.61352","0.0","319.0","356.0","ANNAPOLIS","","WDL3968","52","5","30","12","2.8","52","A"
"338327527","2024-08-19T23:14:42","38.61215","-75.95912","0.0","50.0","511.0","SAND DOLLAR","IMO0000000","","37","","19","6","","","B"
"368126820","2024-08-19T23:19:29","38.36173","-75.61352","0.0","319.0","356.0","ANNAPOLIS","","WDL3968","52","5","30","12","2.8","52","A"
"338327527","2024-08-19T23:17:43","38.61216","-75.95912","0.0","50.0","511.0","SAND DOLLAR","IMO0000000","","37","","19","6","","","B"
"338327527","2024-08-19T23:20:43","38.61216","-75.95912","0.0","50.0","511.0","SAND DOLLAR","IMO0000000","","37","","19","6","","","B"
"368126820","2024-08-19T23:22:34","38.36173","-75.61352","0.0","319.0","356.0","ANNAPOLIS","","WDL3968","52","5","30","12","2.8","52","A"
"338327527","2024-08-19T23:26:43","38.61216","-75.95912","0.0","50.0","511.0","SAND DOLLAR","IMO0000000","","37","","19","6","","","B"
"368126820","2024-08-19T23:28:34","38.36173","-75.61351","0.0","319.0","356.0","ANNAPOLIS","","WDL3968","52","5","30","12","2.8","52","A"
"338327527","2024-08-19T02:05:43","38.61216","-75.95912","0.0","118.1","511.0","SAND DOLLAR","IMO0000000","","37","","19","6","","","B"
"368126820","2024-08-19T23:34:35","38.36173","-75.61352","0.0","319.0","356.0","ANNAPOLIS","","WDL3968","52","5","30","12","2.8","52","A"
"368126820","2024-08-19T23:37:28","38.36173","-75.61352","0.0","319.0","356.0","ANNAPOLIS","","WDL3968","52","5","30","12","2.8","52","A"
"368126820","2024-08-19T23:43:31","38.36173","-75.61352","0.0","319.0","356.0","ANNAPOLIS","","WDL3968","52","5","30","12","2.8","52","A"
"368126820","2024-08-19T23:46:35","38.36173","-75.61352","0.0","319.0","356.0","ANNAPOLIS","","WDL3968","52","5","30","12","2.8","52","A"
"338327527","2024-08-19T23:44:42","38.61216","-75.95911","0.0","50.0","511.0","SAND DOLLAR","IMO0000000","","37","","19","6","","","B"
"338327527","2024-08-19T23:53:44","38.61216","-75.95911","0.0","50.0","511.0","SAND DOLLAR","IMO0000000","","37","","19","6","","","B"
"338327527","2024-08-19T22:53:43","38.61215","-75.95912","0.0","50.0","511.0","SAND DOLLAR","IMO0000000","","37","","19","6","","","B"
"368126820","2024-08-19T23:58:26","38.36173","-75.61352","0.0","319.0","356.0","ANNAPOLIS","","WDL3968","52","5","30","12","2.8","52","A"
"338327527","2024-08-19T23:32:43","38.61216","-75.95911","0.0","50.0","511.0","SAND DOLLAR","IMO0000000","","37","","19","6","","","B"
"368126820","2024-08-19T23:40:35","38.36173","-75.61351","0.0","319.0","356.0","ANNAPOLIS","","WDL3968","52","5","30","12","2.8","52","A"
"338327527","2024-08-19T02:50:43","38.61214","-75.95912","0.0","68.1","511.0","SAND DOLLAR","IMO0000000","","37","","19","6","","","B"
"368126820","2024-08-19T02:52:23","38.36172","-75.61352","0.0","319.0","357.0","ANNAPOLIS","","WDL3968","52","5","30","12","2.8","52","A"
"368126820","2024-08-19T23:52:35","38.36173","-75.61352","0.0","319.0","356.0","ANNAPOLIS","","WDL3968","52","5","30","12","2.8","52","A"
"368126820","2024-08-19T03:04:22","38.36172","-75.61352","0.0","319.0","357.0","ANNAPOLIS","","WDL3968","52","5","30","12","2.8","52","A"
"368126820","2024-08-19T03:07:27","38.36172","-75.61352","0.0","319.0","357.0","ANNAPOLIS","","WDL3968","52","5","30","12","2.8","52","A"
"368126820","2024-08-19T03:10:22","38.36172","-75.61352","0.0","319.0","357.0","ANNAPOLIS","","WDL3968","52","5","30","12","2.8","52","A"
"368126820","2024-08-19T03:19:29","38.36171","-75.61352","0.0","319.0","357.0","ANNAPOLIS","","WDL3968","52","5","30","12","2.8","52","A"
"338327527","2024-08-19T03:41:43","38.61215","-75.95913","0.0","68.1","511.0","SAND DOLLAR","IMO0000000","","37","","19","6","","","B"
"368126820","2024-08-19T04:04:30","38.36171","-75.61352","0.0","319.0","358.0","ANNAPOLIS","","WDL3968","52","5","30","12","2.8","52","A"
"368126820","2024-08-19T04:25:24","38.36171","-75.61352","0.0","319.0","358.0","ANNAPOLIS","","WDL3968","52","5","30","12","2.8","52","A"
"338327527","2024-08-19T04:29:43","38.61216","-75.95915","0.0","193.0","511.0","SAND DOLLAR","IMO0000000","","37","","19","6","","","B"
"368126820","2024-08-19T04:52:29","38.36172","-75.61352","0.0","319.0","358.0","ANNAPOLIS","","WDL3968","52","5","30","12","2.8","52","A"
"338327527","2024-08-19T05:35:43","38.61216","-75.95912","0.0","193.0","511.0","SAND DOLLAR","IMO0000000","","37","","19","6","","","B"
"368126820","2024-08-19T05:52:28","38.36171","-75.61353","0.0","319.0","358.0","ANNAPOLIS","","WDL3968","52","5","30","12","2.8","52","A"
"338327527","2024-08-19T05:59:42","38.61216","-75.95912","0.0","193.0","511.0","SAND DOLLAR","IMO0000000","","37","","19","6","","","B"
"368126820","2024-08-19T06:01:27","38.36171","-75.61353","0.0","319.0","358.0","ANNAPOLIS","","WDL3968","52","5","30","12","2.8","52","A"
"368126820","2024-08-19T06:13:29","38.36172","-75.61353","0.0","319.0","358.0","ANNAPOLIS","","WDL3968","52","5","30","12","2.8","52","A"
"338327527","2024-08-19T06:17:43","38.61214","-75.95912","0.0","193.0","511.0","SAND DOLLAR","IMO0000000","","37","","19","6","","","B"
"338327527","2024-08-19T06:20:43","38.61214","-75.95913","0.0","193.0","511.0","SAND DOLLAR","IMO0000000","","37","","19","6","","","B"
"338327527","2024-08-19T06:23:43","38.61214","-75.95913","0.1","193.0","511.0","SAND DOLLAR","IMO0000000","","37","","19","6","","","B"
"368126820","2024-08-19T06:22:21","38.36172","-75.61353","0.0","319.0","358.0","ANNAPOLIS","","WDL3968","52","5","30","12","2.8","52","A"
"368126820","2024-08-19T06:28:25","38.36172","-75.61353","0.0","319.0","359.0","ANNAPOLIS","","WDL3968","52","5","30","12","2.8","52","A"
"368126820","2024-08-19T07:01:28","38.36171","-75.61353","0.0","319.0","358.0","ANNAPOLIS","","WDL3968","52","5","30","12","2.8","52","A"
"368126820","2024-08-19T07:52:24","38.36170","-75.61352","0.0","319.0","359.0","ANNAPOLIS","","WDL3968","52","5","30","12","2.8","52","A"
"368126820","2024-08-19T08:04:24","38.36170","-75.61352","0.0","319.0","359.0","ANNAPOLIS","","WDL3968","52","5","30","12","2.8","52","A"
"368126820","2024-08-19T08:10:24","38.36170","-75.61352","0.0","319.0","358.0","ANNAPOLIS","","WDL3968","52","5","30","12","2.8","52","A"
"368126820","2024-08-19T08:28:24","38.36171","-75.61352","0.0","319.0","358.0","ANNAPOLIS","","WDL3968","52","5","30","12","2.8","52","A"
"338327527","2024-08-19T08:56:42","38.61215","-75.95911","0.0","93.5","511.0","SAND DOLLAR","IMO0000000","","37","","19","6","","","B"
"338327527","2024-08-19T09:50:42","38.61214","-75.95911","0.0","93.5","511.0","SAND DOLLAR","IMO0000000","","37","","19","6","","","B"
"368126820","2024-08-19T10:07:26","38.36171","-75.61352","0.0","319.0","357.0","ANNAPOLIS","","WDL3968","52","5","30","12","2.8","52","A"
"338327527","2024-08-19T10:11:43","38.61215","-75.95911","0.0","93.5","511.0","SAND DOLLAR","IMO0000000","","37","","19","6","","","B"
"368126820","2024-08-19T10:16:31","38.36171","-75.61352","0.0","319.0","358.0","ANNAPOLIS","","WDL3968","52","5","30","12","2.8","52","A"
"368126820","2024-08-19T10:34:32","38.36171","-75.61352","0.0","319.0","358.0","ANNAPOLIS","","WDL3968","52","5","30","12","2.8","52","A"
"338327527","2024-08-19T11:32:43","38.61216","-75.95912","0.0","75.1","511.0","SAND DOLLAR","IMO0000000","","37","","19","6","","","B"
"368126820","2024-08-19T11:52:27","38.36171","-75.61352","0.0","319.0","0.0","ANNAPOLIS","","WDL3968","52","5","30","12","2.8","52","A"
"368106000","2024-08-19T12:00:19","38.21907","-75.96441","6.5","288.3","511.0","THUNDER","IMO0000000","WDE9177","90","","21","6","","","B"
"338327527","2024-08-19T12:41:42","38.61216","-75.95911","0.0","95.3","511.0","SAND DOLLAR","IMO0000000","","37","","19","6","","","B"
"368126820","2024-08-19T12:52:29","38.36172","-75.61352","0.0","319.0","357.0","ANNAPOLIS","","WDL3968","52","5","30","12","2.8","52","A"
"368126820","2024-08-19T13:16:31","38.36171","-75.61352","0.0","319.0","0.0","ANNAPOLIS","","WDL3968","52","5","30","12","2.8","52","A"
"368126820","2024-08-19T13:28:28","38.36172","-75.61352","0.0","319.0","358.0","ANNAPOLIS","","WDL3968","52","5","30","12","2.8","52","A"
"338327527","2024-08-19T13:44:43","38.61216","-75.95910","0.0","95.3","511.0","SAND DOLLAR","IMO0000000","","37","","19","6","","","B"
"368126820","2024-08-19T14:10:28","38.36172","-75.61351","0.0","319.0","356.0","ANNAPOLIS","","WDL3968","52","5","30","12","2.8","52","A"
"368126820","2024-08-19T14:43:24","38.36170","-75.61352","0.0","319.0","0.0","ANNAPOLIS","","WDL3968","52","5","30","12","2.8","52","A"
"368126820","2024-08-19T15:01:28","38.36170","-75.61352","0.0","319.0","0.0","ANNAPOLIS","","WDL3968","52","5","30","12","2.8","52","A"
"368126820","2024-08-19T15:13:28","38.36171","-75.61352","0.0","319.0","0.0","ANNAPOLIS","","WDL3968","52","5","30","12","2.8","52","A"
"368126820","2024-08-19T16:13:27","38.36171","-75.61352","0.0","319.0","359.0","ANNAPOLIS","","WDL3968","52","5","30","12","2.8","52","A"
"338327527","2024-08-19T16:17:43","38.61216","-75.95910","0.0","94.1","511.0","SAND DOLLAR","IMO0000000","","37","","19","6","","","B"
"338327527","2024-08-19T16:32:43","38.61216","-75.95911","0.0","94.1","511.0","SAND DOLLAR","IMO0000000","","37","","19","6","","","B"
"368126820","2024-08-19T16:34:28","38.36173","-75.61352","0.0","319.0","356.0","ANNAPOLIS","","WDL3968","52","5","30","12","2.8","52","A"
"368126820","2024-08-19T18:37:24","38.36171","-75.61351","0.0","319.0","1.0","ANNAPOLIS","","WDL3968","52","5","30","12","2.8","52","A"
"338327527","2024-08-19T18:44:43","38.61216","-75.95909","0.0","135.8","511.0","SAND DOLLAR","IMO0000000","","37","","19","6","","","B"
"368126820","2024-08-19T19:46:29","38.36171","-75.61351","0.0","319.0","358.0","ANNAPOLIS","","WDL3968","52","5","30","12","2.8","52","A"
"368126820","2024-08-19T20:34:34","38.36170","-75.61351","0.0","319.0","2.0","ANNAPOLIS","","WDL3968","52","5","30","12","2.8","52","A"
"338327527","2024-08-19T20:47:42","38.61216","-75.95908","0.0","48.8","511.0","SAND DOLLAR","IMO0000000","","37","","19","6","","","B"
"368126820","2024-08-19T20:58:34","38.36172","-75.61352","0.0","319.0","357.0","ANNAPOLIS","","WDL3968","52","5","30","12","2.8","52","A"
"368126820","2024-08-19T21:04:34","38.36172","-75.61352","0.0","319.0","356.0","ANNAPOLIS","","WDL3968","52","5","30","12","2.8","52","A"
"338327527","2024-08-19T21:44:43","38.61216","-75.95911","0.0","48.8","511.0","SAND DOLLAR","IMO0000000","","37","","19","6","","","B"
"338327527","2024-08-19T21:56:42","38.61216","-75.95911","0.0","48.8","511.0","SAND DOLLAR","IMO0000000","","37","","19","6","","","B"
"368126820","2024-08-19T22:04:29","38.36172","-75.61352","0.0","319.0","356.0","ANNAPOLIS","","WDL3968","52","5","30","12","2.8","52","A"
"368126820","2024-08-19T22:07:34","38.36172","-75.61352","0.0","319.0","356.0","ANNAPOLIS","","WDL3968","52","5","30","12","2.8","52","A"
"338327527","2024-08-19T22:11:43","38.61216","-75.95912","0.0","48.8","511.0","SAND DOLLAR","IMO0000000","","37","","19","6","","","B"
"368126820","2024-08-19T22:55:32","38.36172","-75.61352","0.0","319.0","356.0","ANNAPOLIS","","WDL3968","52","5","30","12","2.8","52","A"
"368126820","2024-08-19T23:04:35","38.36172","-75.61352","0.0","319.0","356.0","ANNAPOLIS","","WDL3968","52","5","30","12","2.8","52","A"
"368126820","2024-08-19T23:16:35","38.36173","-75.61352","0.0","319.0","356.0","ANNAPOLIS","","WDL3968","52","5","30","12","2.8","52","A"
"368126820","2024-08-19T23:25:29","38.36173","-75.61352","0.0","319.0","356.0","ANNAPOLIS","","WDL3968","52","5","30","12","2.8","52","A"
"338327527","2024-08-19T23:35:43","38.61216","-75.95911","0.0","50.0","511.0","SAND DOLLAR","IMO0000000","","37","","19","6","","","B"
"368126820","2024-08-19T23:49:30","38.36173","-75.61352","0.0","319.0","356.0","ANNAPOLIS","","WDL3968","52","5","30","12","2.8","52","A"
"368126820","2024-08-19T23:55:29","38.36173","-75.61352","0.0","319.0","356.0","ANNAPOLIS","","WDL3968","52","5","30","12","2.8","52","A"
